A1;A2;A3;A4;A5;A6;A7;A8;A9;A10;A11;A12;A14;Class
b;56;5.32617266455023;y;p;?;v;1.99657957904654;f;835;f;t;135464;1
d;69;2.4247050363473;u;g;no_cc;t;0.762080066652087;f;822;t;t;112949;1
a;46;;y;p;no_cc;t;4.96241751079188;t;751;f;f;90744;1
c;32;3.77284163104623;y;g;cc;t;4.63500483962148;t;730;t;f;53455;0
a;60;0.200711977777264;y;p;?;v;2.6997856514028;t;832;t;f;135217;1
c;25;3.22079165583178;y;g;no_cc;t;4.21016647188211;t;592;f;f;48018;0
d;38;2.11448006996545;u;g;cc;t;2.60478988636021;f;400;f;t;74219;0
a;56;3.27497352177915;y;g;no_cc;v;3.1179284400138;t;801;f;f;65991;0
b;36;1.19762131819251;y;p;no_cc;v;;t;603;t;f;93616;1
d;40;8.90527280739895;u;p;cc;v;3.77635210248404;t;839;f;t;107438;0
b;28;5.93592453554049;y;p;;v;0.638567418176174;f;654;f;f;136841;1
b;28;6.7910231914449;y;p;cc;v;4.13033815126264;f;602;f;f;29486;1
b;41;7.89171238607338;y;g;no_cc;t;3.91014043835193;t;795;t;t;58862;0
d;53;4.98442198929057;y;p;cc;t;3.54372348871488;t;526;f;t;141662;0
c;57;0.869202880874237;u;g;cc;v;0.180801902623811;t;535;t;f;78870;0
b;41;5.37106541818548;y;p;cc;t;1.51564177972664;t;754;t;f;106694;1
d;20;5.86841118020879;u;p;cc;t;1.31556284955421;f;312;f;f;125996;1
c;39;7.4543947418433;y;p;cc;v;1.8006820373576;t;509;t;f;63856;0
d;19;4.31659546229679;y;g;no_cc;v;0.438213733819193;f;696;t;t;121407;1
c;41;1.27580302795564;u;p;no_cc;v;4.68478911515531;t;399;t;t;120744;0
b;61;2.83775905798724;u;g;cc;;2.76901120356188;f;330;f;f;106055;1
c;47;3.63082296398635;y;g;no_cc;t;1.52762155329012;t;827;t;f;51379;0
b;55;6.45917241331601;y;g;cc;t;;t;628;t;t;84729;1
c;19;5.70778304668912;y;g;cc;t;2.23601270252418;f;465;f;f;48378;0
c;38;3.56096725897846;y;g;cc;v;3.00297166680309;t;758;t;t;125428;1
a;50;9.8651524879298;y;p;no_cc;v;2.57839713848249;t;399;t;t;74353;0
c;29;6.05774819356887;u;;cc;v;;f;472;t;t;69996;0
c;39;2.37226791735995;y;p;no_cc;v;2.48481741452915;t;461;t;t;34031;0
c;61;1.01782472620404;u;p;cc;t;4.96079007411656;t;562;f;t;100072;0
b;42;1.52859139184332;y;g;cc;t;4.25712478872548;t;573;t;f;85982;0
b;66;2.45957728384508;?;p;no_cc;t;1.04255257178668;t;302;f;f;56683;0
d;44;1.60681373259556;u;g;no_cc;t;4.65297607321958;f;327;t;f;134091;1
a;59;1.86567024051306;y;p;cc;t;0.581831989427381;t;625;f;t;137797;1
b;45;2.85095168693847;y;g;no_cc;t;4.08724854245596;t;448;f;t;37618;0
a;33;1.73373595294755;u;p;no_cc;v;1.9031164673829;f;839;f;f;26587;1
a;32;8.96765424626425;y;g;cc;v;4.38987160222535;t;787;t;t;82790;0
c;64;0.802337456616422;u;g;no_cc;t;4.34028345053725;f;737;t;f;51480;1
b;68;5.24511389570255;y;g;cc;t;4.02962700058811;f;364;f;f;118530;1
d;61;4.10396826989662;y;p;no_cc;t;3.95015218153531;f;655;f;t;40527;1
b;69;9.82378616908606;u;p;cc;v;1.5233956954902;t;832;t;f;43569;0
c;20;1.12038902168052;u;p;cc;v;0.404596415256261;t;551;f;f;31151;0
d;54;3.97855599045742;y;p;no_cc;v;2.01490089382581;f;534;f;t;91094;1
a;68;9.69470433275369;y;p;no_cc;t;0.867622574932543;t;526;t;f;79174;0
c;24;8.6550712589398;y;g;cc;v;3.47475544451231;t;824;t;t;64739;0
c;38;8.1707207094928;y;g;no_cc;t;1.73049863268893;f;612;f;f;52954;0
a;26;2.5790282704494;y;p;no_cc;t;4.87805100429957;f;348;f;t;132984;1
b;56;1.70887587390066;y;p;no_cc;t;3.20486038672666;f;417;f;t;132863;1
b;35;6.68643219924431;y;g;no_cc;v;4.1124028181718;f;353;t;f;129373;1
d;21;9.29375989127586;u;p;cc;t;0.662623363709242;f;343;f;t;55303;0
b;42;5.5676289301393;y;g;no_cc;v;4.31007241136311;f;352;t;f;54700;0
a;31;5.716126894699;u;p;cc;t;4.61378595256697;f;824;t;f;113036;1
d;67;2.79979093660284;y;g;no_cc;t;2.43530959409468;f;401;t;t;143728;1
b;26;7.69492933191937;u;p;cc;v;3.03126468875489;t;697;t;t;87568;0
d;43;1.87043748557523;u;p;cc;t;3.82404900451498;f;437;f;t;86788;1
c;19;3.23679236404244;u;g;cc;v;0.874193136302063;t;686;f;f;91045;1
b;37;4.25436438616417;y;g;cc;t;2.51283038231721;f;410;t;t;57842;0
c;45;5.07610378684455;y;p;cc;t;1.99331513886157;t;316;f;t;33900;0
d;64;2.4240973241508;y;g;no_cc;t;0.731869960811246;f;481;f;t;147992;1
d;24;1.14836824739204;u;p;no_cc;t;1.83767211145766;f;835;t;t;100059;1
b;61;6.10620042441633;u;g;cc;t;0.340861546927468;t;840;t;f;21881;0
a;25;2.88630553240256;u;g;cc;v;0.129059534747435;t;470;t;f;53037;0
d;64;5.81238221422612;u;g;cc;t;0.675831445774114;f;708;f;f;21630;1
d;52;1.54362715274202;y;p;cc;v;4.81557555794587;t;677;t;f;40789;0
a;31;4.81140101854818;y;g;no_cc;t;2.74764767947509;t;487;t;t;146083;0
b;34;5.32589432551586;y;g;no_cc;t;4.8291108057661;t;529;t;f;108059;0
c;53;0.518235368224269;u;g;no_cc;t;2.16248939165066;t;418;t;f;103494;0
c;67;3.36604278193921;y;p;no_cc;v;1.5590806654263;t;455;t;t;66151;0
c;57;1.34414676938974;y;p;cc;t;2.53070931420122;t;764;t;f;68920;0
c;21;0.633749704727677;u;g;no_cc;v;2.19755844316455;f;403;f;t;129388;1
c;19;9.89960232389945;u;p;cc;v;0.52832342130872;f;801;f;t;87231;1
c;23;3.22353844974723;u;g;no_cc;t;3.20413157345103;f;474;t;f;137946;1
d;59;8.09874445854635;y;p;no_cc;t;1.080190912548;t;720;f;f;100357;0
d;21;2.54640654763764;y;g;cc;t;3.09793977448915;f;433;t;t;23262;0
d;46;6.81502722223929;u;p;cc;t;3.25100546199077;f;690;f;t;86981;1
c;35;7.60227859889687;y;p;no_cc;v;0.760124265643241;f;800;t;f;140951;1
d;43;5.95638740607844;u;g;no_cc;t;0.306748135553341;f;332;f;t;143099;1
c;61;4.71576188550158;y;p;no_cc;t;3.9038079303422;t;354;t;t;101972;0
a;51;4.11840914147269;y;g;no_cc;v;2.2990021188466;t;818;f;f;95485;1
b;27;3.48868266542995;y;p;no_cc;v;0.290818977527379;f;311;f;f;74722;0
c;53;9.29529144247826;y;g;no_cc;t;4.97433158584884;t;827;t;t;109499;0
b;31;8.30619407787729;u;p;cc;t;0.288902804981833;t;672;f;t;70818;0
d;48;9.65026910666513;u;p;cc;v;3.47517614429277;f;783;t;t;49932;0
c;65;1.24297223485545;u;g;cc;v;4.91839462631707;f;527;t;f;26901;0
d;32;7.30867475203644;y;g;no_cc;v;1.19590052107963;f;606;t;t;137473;1
c;25;9.38340456821038;y;g;no_cc;t;0.711246843435981;f;756;t;f;119023;1
a;31;1.8123306616566;u;p;no_cc;v;0.606924697112145;f;459;t;t;28597;0
c;40;0.664962673667775;y;g;cc;t;1.51637573783798;f;630;f;t;149631;1
c;57;7.41120649290059;y;p;cc;t;0.505229055053234;f;524;f;f;83909;0
d;38;5.74473113179912;y;p;no_cc;v;3.46080670847066;t;803;f;t;92391;1
a;33;8.41828776758272;u;g;cc;t;0.311458990650313;t;755;t;f;104214;0
d;62;1.3977237662629;y;p;no_cc;v;2.54711064074895;t;344;f;f;28263;0
d;35;7.9526731185989;u;p;cc;v;4.98348426926488;f;513;f;t;83293;0
d;64;2.01627320047745;y;p;cc;t;4.06985134753009;t;358;t;f;132824;0
c;41;1.63655942865705;y;p;cc;t;3.07609719115505;t;494;f;f;144933;0
c;43;1.64265797930993;y;p;cc;v;1.53126810393306;f;788;t;t;45805;1
c;42;8.14574720231382;y;g;cc;v;3.11947918145819;f;456;t;t;111679;0
b;62;6.651972206962;u;p;no_cc;t;2.63520731955826;t;525;t;t;31874;0
d;58;5.23065424769119;y;p;no_cc;v;2.13041691945186;f;711;f;f;113065;1
a;46;3.58830484123502;u;g;cc;v;0.653551883700997;t;504;f;t;106402;0
b;32;8.77200540813108;y;g;cc;t;4.43302107620233;t;378;f;f;34079;0
c;62;3.92445107422635;u;g;no_cc;t;2.24892324410661;f;423;f;t;69850;0
c;18;8.16599439471577;u;g;cc;v;0.973112559103825;t;770;f;f;92779;0
d;42;4.39134908570218;y;g;cc;v;1.83879675438645;t;517;t;t;115408;0
d;24;3.76944429424908;y;g;no_cc;t;2.07064876264464;t;815;t;t;29018;0
b;26;4.62679785669606;y;p;no_cc;t;4.13768947783437;t;403;t;f;140606;0
c;41;3.01377874164142;y;g;no_cc;t;3.66807190280701;t;692;f;t;69500;0
d;18;7.47609380176251;u;g;no_cc;v;3.8465244682067;t;733;f;f;140062;0
b;61;5.02720390092479;y;p;cc;v;0.0551563221432361;f;630;t;f;32100;1
b;25;2.32212695146817;u;g;cc;t;2.08076999089881;f;442;f;f;77021;0
b;41;8.99574573274568;y;g;cc;v;2.40672075817662;t;839;f;t;134995;0
b;28;3.83891221373211;y;p;cc;v;0.0959613841152834;f;577;t;f;39800;0
b;68;5.43552861113989;y;g;no_cc;v;1.29906604372517;t;532;f;t;148126;0
a;34;9.06472110964547;u;g;no_cc;v;3.80144911561068;t;828;t;t;83400;0
a;25;6.24237995913992;y;g;cc;t;0.685548528644995;f;389;t;f;112446;1
c;52;1.16898040708364;u;p;no_cc;v;2.67655065726296;f;791;f;f;49437;1
c;52;9.39832123613475;y;p;cc;t;1.07600936008619;t;498;t;t;123124;0
c;50;6.27708053071418;u;g;no_cc;t;0.0606038732194664;f;661;f;f;96537;1
b;22;3.34905614657086;u;p;cc;v;1.20600728799771;t;740;t;f;66675;0
c;59;1.39272072663387;y;p;no_cc;v;4.87936877455027;f;325;f;f;39942;0
c;56;7.94025189270296;u;p;cc;v;4.00768555941495;t;324;t;t;40862;0
d;58;6.20072755928514;u;g;cc;t;4.79788322160517;f;693;f;t;31669;1
c;45;5.33461091976322;u;p;cc;t;2.43927021963181;t;806;t;f;141219;1
d;24;8.93892583050958;y;g;no_cc;t;0.548680993387518;t;600;f;t;73772;0
d;26;7.88597211224531;y;p;cc;t;2.73979744486847;t;638;t;t;35916;0
d;25;1.51674879732751;u;g;cc;v;2.2718866727998;f;566;f;t;30878;0
a;29;3.11722067795548;y;p;cc;t;4.22178541369808;t;760;f;t;22985;0
d;51;2.48489139814466;y;p;cc;t;0.490412903921223;f;755;f;t;117905;1
b;50;7.43946292572677;y;p;cc;t;2.44120568510889;t;659;f;f;93648;0
d;65;0.335324347357794;y;p;cc;t;0.750243323469921;t;367;t;f;61235;0
d;40;5.69889684871317;u;g;no_cc;t;1.6233796344503;t;711;f;f;38931;0
c;41;7.62458685740691;y;g;no_cc;t;3.686785386939;f;790;f;t;112876;1
b;54;8.76765636761749;y;g;cc;v;2.38009064684383;f;348;f;f;20336;0
a;52;3.42081748715907;y;p;cc;t;1.87944142572885;t;401;t;t;62933;0
d;61;8.21257304672013;u;p;no_cc;t;1.97238139285018;f;515;t;f;104899;0
c;57;1.10631736955207;u;g;no_cc;v;2.29723384202993;t;737;f;t;65536;0
c;39;8.46452291734518;y;p;cc;t;3.92508271918528;t;458;t;t;89504;0
b;44;1.27488662331982;u;g;cc;t;4.46042344470117;f;788;t;t;119214;1
a;52;3.97287290560367;u;p;cc;v;4.77667343251964;f;541;t;f;71148;0
c;18;7.97295365779554;y;p;cc;t;3.93451693127648;f;304;f;f;133936;0
d;52;1.49917427348774;y;g;no_cc;v;1.57703447874006;f;660;f;f;36279;1
d;54;2.29251395232641;u;p;cc;v;3.44067353043271;f;758;t;f;88665;1
d;64;7.22252568393066;u;p;cc;t;2.18801562027696;f;547;t;t;123751;0
b;31;7.20036536546074;u;p;cc;t;1.27335311023026;f;721;t;f;124433;1
d;20;6.41147632885297;u;g;cc;t;4.20435789712961;f;314;f;t;91386;1
b;18;6.939484444671;y;g;no_cc;t;0.192131744811625;t;421;f;f;106124;0
b;22;5.42724443347596;y;p;cc;v;4.50880996067712;t;576;t;f;125750;0
b;43;2.51799058906953;y;p;no_cc;t;2.30738732312367;f;752;t;f;97485;1
a;31;3.45695993503919;y;g;no_cc;v;3.1860073840414;t;689;t;f;94055;1
b;56;1.81597716801426;u;g;cc;v;3.29676961102891;f;593;f;f;111911;1
d;44;9.08450561333628;u;g;no_cc;t;4.47558870353268;f;745;f;t;118618;1
b;26;5.8339179476612;u;p;cc;t;3.18334841083604;t;509;f;f;97273;0
a;32;4.0085141676364;u;p;cc;v;3.06966792380031;t;601;f;t;86670;1
c;32;4.62005803644133;u;g;no_cc;t;0.33326020280345;t;522;f;t;96474;0
d;43;9.47283339611815;y;g;cc;v;2.59204010972602;f;302;t;t;74028;0
b;59;1.5335140311608;y;g;no_cc;t;0.750845004085208;t;817;f;f;110022;1
d;30;5.86229832016797;u;g;cc;t;3.68716884360743;f;392;f;f;133892;1
c;68;5.05888678884466;y;p;cc;v;2.56110960406337;t;819;t;f;111632;1
b;49;6.11454235434648;y;g;cc;t;3.40113889604177;f;727;f;t;126651;1
a;56;0.181101838208405;u;p;no_cc;v;0.208364503011921;t;792;t;t;91128;1
c;66;8.72123908944151;u;g;cc;v;0.423960080229016;f;534;t;t;38108;0
a;69;9.32118282483612;y;g;cc;t;3.58161694031341;f;460;f;t;72495;0
a;49;5.65133183589209;y;g;cc;v;0.360421679993367;t;630;t;f;102806;1
b;21;6.96650823876892;y;g;cc;v;0.356283638826293;t;632;f;t;113185;1
a;47;9.22499381177296;y;p;no_cc;t;0.0605423761744373;f;349;t;t;96533;0
b;54;7.07238634313399;y;g;cc;v;4.7825069914974;f;822;t;t;119025;1
c;40;1.52539042914261;y;p;cc;t;3.68754179729504;t;791;f;f;76830;0
b;56;5.76288360166813;u;p;no_cc;t;1.76625704251032;f;571;f;t;94640;1
b;62;6.06715046382856;y;g;no_cc;v;1.48267790643828;f;551;t;f;72509;0
b;32;4.24130671302386;u;p;no_cc;t;1.74851614872925;t;389;f;f;86406;0
c;60;7.36444235624723;u;g;cc;v;3.87326765590591;f;745;t;t;114220;1
a;46;9.34367014769015;y;g;cc;v;3.30685305535207;t;631;f;f;59519;0
d;53;9.25568512906776;y;g;cc;v;0.92597783933734;t;438;f;f;69649;0
a;30;4.50839371404132;u;g;no_cc;v;0.870546676670422;t;656;t;f;54524;0
d;49;1.13238045840755;y;g;cc;v;0.491978248566987;t;573;f;f;116493;0
c;24;9.84841198962335;u;g;cc;t;3.30151359850669;t;318;f;t;53885;0
c;68;8.38898086445934;y;p;cc;t;3.82186331110868;t;610;f;f;64369;0
c;39;1.24662681203267;y;p;no_cc;v;1.32523214162502;f;453;t;f;121132;1
b;45;9.20841882617372;y;g;cc;v;0.104724805154564;f;689;t;f;115402;1
c;19;8.69896362062128;y;p;cc;t;0.410858337382137;t;559;f;f;50676;0
a;59;5.18838057126072;u;p;no_cc;t;4.83930017422515;t;424;t;f;84093;0
d;62;5.91275435744929;u;p;no_cc;t;1.4772238873871;f;653;f;t;67764;1
c;23;3.9900270387013;u;p;cc;v;3.84611573919067;f;572;t;f;70799;0
c;45;0.547616388220313;u;g;no_cc;v;3.12331784427132;t;544;f;f;99414;0
b;45;3.35197241645901;y;g;cc;v;1.90969819826448;t;749;f;t;125296;1
a;61;8.02853448598011;u;g;cc;v;1.02843631097778;f;546;t;f;113095;0
b;61;0.0463202300460286;y;g;no_cc;v;0.606932090797032;f;819;f;t;132082;1
a;37;3.33499171691144;u;p;cc;v;3.07506484019433;t;440;f;f;92307;0
d;47;3.98168693590943;y;g;cc;v;3.87316890318894;f;661;t;t;102062;1
c;28;5.37395602937923;u;p;cc;v;3.21952126770565;f;307;t;t;115432;1
d;45;9.19855616412761;y;p;no_cc;v;2.65151066624579;f;777;t;f;51923;0
a;42;3.46345994365961;y;g;no_cc;v;0.209756117158181;t;651;t;t;137449;1
c;56;3.46953201896228;y;g;cc;v;4.84244388797192;f;794;t;f;121739;1
d;50;7.37501248109748;y;g;no_cc;v;3.99357095827287;f;726;t;t;124926;1
b;18;4.52217940889807;y;g;no_cc;v;1.46411018350482;f;338;f;t;98388;1
a;44;2.24604822939982;y;p;no_cc;v;4.89985164679425;t;486;t;f;67574;0
d;69;4.52439516132693;u;g;no_cc;v;3.00940794818161;t;392;f;f;63391;0
c;30;1.408570203798;u;g;no_cc;v;2.91211329103623;t;385;t;t;148691;0
d;58;1.76386986506223;y;g;cc;t;3.74036589714766;f;343;f;f;141757;1
a;20;4.9836777273948;y;p;cc;v;4.05884894045069;f;436;f;t;73664;0
b;56;4.18925449504548;y;p;no_cc;v;3.28239303665751;f;720;f;t;87384;1
a;23;9.148459010681;u;g;no_cc;v;0.640478731831;t;373;f;t;51027;0
a;25;3.62393899116633;u;p;cc;t;1.69133752997249;t;847;t;t;55464;0
d;44;5.80588350278044;u;g;no_cc;v;4.64041820163025;t;811;f;f;54485;0
a;26;6.3226428791953;y;g;no_cc;t;1.12307805921926;f;455;t;f;148366;1
a;54;0.130944565883336;y;g;no_cc;v;1.86083511918757;f;554;t;f;39456;0
a;50;6.63537372016711;y;p;no_cc;t;2.16038441472098;f;470;f;f;94795;1
d;68;1.78035966869751;u;g;cc;v;2.19702494847226;f;469;t;t;55554;0
c;59;9.61070317469455;y;g;no_cc;t;3.06469791247263;t;621;f;t;66922;0
c;61;1.48662727753113;u;p;cc;v;4.71537918872354;f;755;f;t;33409;1
d;41;4.14624123727024;y;g;no_cc;t;1.20346355916253;f;454;f;f;89327;1
b;32;0.853496680786439;y;p;no_cc;t;0.60750688150459;f;648;f;f;111400;1
c;49;9.96874251845947;u;p;cc;v;0.987352449299687;f;750;f;t;56639;0
a;49;5.02195010331243;y;p;no_cc;v;4.43462450104635;t;472;t;t;120110;0
c;41;5.95385017320044;y;p;no_cc;v;3.22905406327603;t;309;f;t;83627;0
a;58;0.670764773884275;y;g;cc;v;1.4295339461958;t;564;t;f;103424;0
b;69;7.49960470399178;y;g;cc;t;4.07973469484309;t;737;f;f;39692;0
a;66;2.09905593095586;y;g;no_cc;t;4.30684998181718;t;546;t;f;109037;0
c;66;8.98054289440714;u;p;no_cc;v;4.23257169345139;t;845;f;f;98840;0
d;69;2.05139640482007;u;p;no_cc;t;4.59463266819777;t;798;f;f;74200;0
d;29;1.90687720663667;y;p;cc;t;1.26120510086681;f;428;t;f;113063;1
a;56;0.365496678480949;y;g;cc;v;3.77520964373139;t;626;t;f;77415;0
b;19;4.72066945109999;u;g;no_cc;v;2.3026974863707;f;703;t;t;38074;1
b;20;5.64841133262616;u;g;no_cc;v;4.20999276445031;t;658;t;t;35549;0
b;66;0.657086394283524;u;g;no_cc;t;3.64245338580807;f;316;t;t;49963;0
a;54;7.75527616695011;u;g;cc;t;3.88223723249862;t;573;t;t;111456;0
d;66;4.53288834748028;y;g;no_cc;v;3.28080918840536;t;415;f;t;116362;0
d;34;5.2439026932758;y;p;no_cc;t;0.887143847348534;t;390;t;t;121607;0
a;66;4.40762746938228;y;g;cc;t;2.72513459448469;f;381;f;f;72265;0
d;19;4.00763060875326;u;p;cc;v;4.92334869762254;t;623;f;t;36061;0
d;19;5.59640331308218;y;g;cc;t;4.68694033248559;t;413;t;f;78226;0
b;45;1.55240245930713;y;p;cc;t;0.215868678985058;t;357;t;f;48810;0
b;40;1.81928130495271;u;p;no_cc;v;0.824074078647186;t;453;f;t;80006;0
d;54;8.61785621013517;y;g;cc;t;0.65864386727281;f;703;t;t;142538;1
b;49;9.46115462133633;y;p;no_cc;t;3.62989954992648;f;565;t;t;133502;0
c;50;3.73309316279753;u;p;no_cc;t;4.08892664928473;t;614;t;t;42800;0
a;18;2.70744673143554;y;p;cc;t;1.06755683155336;f;340;t;t;136192;1
c;36;6.43999543239016;y;p;no_cc;v;2.52926346475915;t;404;f;t;128959;0
b;19;4.08734171098096;u;g;no_cc;v;4.203515140056;t;492;t;f;145433;0
a;61;0.253863556603449;u;p;cc;v;3.66400772383125;t;700;f;f;127228;1
d;43;1.5615259736619;u;g;no_cc;t;2.71118602745924;t;577;f;t;95476;0
b;49;7.15972228847398;u;p;no_cc;v;2.95173845229386;f;653;f;f;89460;1
a;23;6.58923941910151;u;p;no_cc;v;2.5418027345814;f;555;t;t;77767;0
c;49;0.270959925034835;u;g;no_cc;t;1.4877422565941;t;398;t;t;48054;0
a;21;2.21972161932949;y;g;no_cc;t;2.82510996429508;t;581;t;t;95319;0
a;28;2.31074796588071;y;g;no_cc;v;3.44442651025045;t;702;t;t;122789;1
d;34;6.71892743598728;u;g;no_cc;v;4.36661457930404;t;408;t;f;65397;0
c;55;0.197105377543642;y;p;cc;t;3.18145676989624;t;498;f;f;33233;0
c;41;1.04108581984574;y;g;no_cc;t;3.80560768521579;f;602;t;t;131205;1
a;22;7.99916085373189;u;g;cc;t;0.800358174772865;f;626;f;t;110020;1
c;69;1.78544662054334;y;g;cc;t;2.30778737209895;t;453;t;f;45068;0
d;51;6.52746107851875;u;p;no_cc;t;0.0466580991354665;f;704;t;f;85727;1
a;23;2.38182781046727;y;p;no_cc;t;1.23339432260812;f;761;f;f;110610;1
b;39;0.994413927593452;u;p;cc;v;3.63230857556502;f;431;f;f;90453;1
c;28;2.43172190999454;y;g;cc;v;4.95904975674682;t;383;f;f;124135;0
d;65;7.22266931855659;y;g;no_cc;v;0.49589049793608;f;698;t;t;45832;0
b;33;8.55696468106286;u;p;cc;t;2.00747157930644;f;408;f;t;128464;0
d;50;8.30219864566992;y;g;cc;v;4.0003548434958;t;520;t;t;106242;0
c;26;3.97183529618455;u;p;no_cc;t;1.02017817314449;f;667;f;t;33682;1
b;23;6.68085136570646;u;g;cc;v;2.77542474651143;f;446;f;f;112298;1
a;33;2.04984295415821;u;g;no_cc;t;3.66535648014837;f;411;f;t;43383;0
a;46;2.93147730261013;u;g;no_cc;v;3.0799272513009;f;793;t;t;78160;1
d;20;8.9633581852112;u;g;no_cc;t;0.940123673077081;f;804;t;f;113332;1
c;37;0.13001923510736;u;p;cc;t;1.7769228434287;t;774;f;t;43666;0
a;53;0.855085308544681;y;g;no_cc;v;3.91895892242699;t;570;f;t;78817;0
a;36;2.07886255146027;y;p;cc;v;2.77113257066008;f;720;f;f;111198;1
a;43;0.265322038738197;y;p;cc;t;0.0261480677145637;t;666;t;t;130695;1
b;20;1.81435435089797;y;g;no_cc;t;3.80495380014047;t;579;f;t;54642;0
c;36;5.83041560969692;u;p;cc;t;0.176556774701195;f;582;t;t;61830;0
a;37;4.21424550592498;u;g;no_cc;v;3.72866891365616;t;339;f;t;123067;0
c;49;8.92671711076975;u;g;cc;t;1.01240280082619;f;488;t;t;30234;0
d;24;8.17443561738441;y;g;cc;v;4.7903674005969;f;463;f;f;77616;0
c;69;3.41817351697876;u;p;no_cc;t;1.83970375651042;t;835;t;t;29221;0
d;58;2.59423433431293;u;p;no_cc;t;1.6346580816904;t;835;t;f;31410;0
d;50;3.79692408167267;y;p;cc;t;0.744440251662223;t;303;f;t;100055;0
c;57;5.90294942514808;u;g;cc;t;1.52802107745107;t;589;f;t;81413;0
c;56;2.68063640822876;y;p;no_cc;t;4.383253809141;t;732;f;t;21051;0
b;35;6.24148907849134;y;g;no_cc;t;4.98167168813624;t;770;f;t;130529;1
a;57;4.0941165219124;y;g;cc;t;1.84154765253424;t;480;f;f;95301;0
a;18;5.5204718085198;y;p;cc;v;2.24305315477271;f;547;f;f;96918;1
a;28;4.36126529135317;y;g;cc;t;3.61035469101369;f;578;t;f;98116;1
b;45;2.94465759541918;u;g;cc;v;4.43097890232537;t;553;f;f;142226;0
c;42;9.48453306962157;u;g;cc;t;2.96522167093392;t;480;t;f;76563;0
b;67;7.63605794159761;y;g;cc;t;1.95762849088915;t;808;t;t;117859;0
c;40;1.40113175766453;y;p;no_cc;v;2.06310920424312;f;625;f;f;64757;1
c;48;8.68467975897913;y;g;cc;t;3.47809073248403;f;656;f;t;146169;1
b;47;4.87431198249514;y;p;no_cc;v;0.0160913180213934;f;690;f;t;141008;1
c;59;8.94552226894091;y;p;no_cc;v;3.0979466872992;t;384;f;f;97475;0
b;52;7.99855255947315;y;g;cc;t;1.77746505220679;t;616;f;t;71257;0
b;24;4.25213504469233;y;g;cc;t;3.97098665638542;f;511;f;f;115500;1
d;33;0.224693083201174;y;p;cc;v;0.464953199115661;t;814;f;t;20307;0
a;43;2.68677359384946;y;p;no_cc;t;2.94101133474195;f;683;f;t;76889;1
b;65;5.41634214660867;u;p;no_cc;v;2.40486444943062;t;641;t;f;88895;1
a;69;6.33478219826147;u;g;cc;v;3.21162762952614;f;337;t;f;115184;1
c;66;2.57887685433202;y;g;cc;t;0.324267972414842;t;810;f;t;55944;0
c;19;1.39356074072824;y;g;cc;v;2.89991893714066;f;719;t;f;119555;1
b;18;8.34930236799299;y;p;no_cc;t;2.80742293979762;t;468;f;t;58134;0
c;65;9.84402180703552;u;g;no_cc;t;2.80330047208085;f;642;f;f;47323;0
a;29;5.25690182302686;y;g;cc;v;3.01743833298227;f;605;t;t;136205;1
a;22;1.71679285848304;y;p;cc;v;3.38233968613181;f;841;t;f;91762;1
a;54;2.72307326519369;y;g;cc;v;4.02494499840385;t;836;f;f;107225;1
d;49;0.183906765474667;y;p;cc;v;1.34910360064107;f;411;t;t;116507;1
d;26;9.14298806560499;y;p;no_cc;t;4.12524705090031;t;710;t;t;45954;0
b;58;1.17751082890141;u;g;cc;v;2.49127841131727;t;505;t;t;75021;0
d;52;5.76516475514254;y;p;no_cc;t;0.385291395671656;f;484;t;t;109959;1
a;36;2.74055220687206;u;g;cc;t;0.292754646219896;f;681;f;f;115927;1
c;65;5.54178002515793;y;p;no_cc;v;1.6711915934803;f;795;t;f;99866;1
d;33;6.51420388351864;y;p;no_cc;v;3.92448488555734;f;678;f;t;90427;1
d;20;8.29741803707202;u;g;no_cc;v;3.53840467370458;f;346;f;t;24992;0
a;37;2.06421271760603;u;g;no_cc;v;3.94307482336203;t;827;t;t;21961;0
d;41;0.109958286584805;u;g;no_cc;v;2.58634528220805;t;803;f;f;32497;0
d;50;1.36885630068807;u;g;cc;t;2.20099498977745;t;321;t;t;137551;0
c;41;9.00018641848105;u;p;cc;t;0.73726263353142;f;512;t;t;52551;0
b;69;8.73890077562515;y;g;no_cc;v;1.64096376804656;t;609;t;f;96384;0
a;28;5.97413102170308;u;g;no_cc;t;2.17009683086938;f;571;f;f;145374;1
c;66;6.00516860433653;y;g;cc;t;0.443002148398086;f;501;f;t;75755;0
b;25;6.65036674546256;y;p;cc;t;1.10305976355606;t;331;t;f;33255;0
a;53;1.7537127862345;u;g;cc;v;2.99112647031869;t;742;f;f;24567;0
c;55;9.1441194592496;y;p;cc;t;3.67831557119595;f;461;f;t;68847;0
a;57;4.18770524892073;u;p;no_cc;v;4.99173755696475;f;553;f;t;124817;1
c;37;3.83138528249497;y;p;cc;t;4.66556665671779;f;820;f;t;68003;1
d;52;5.18917705282838;u;p;cc;v;3.21282599767596;t;779;f;f;40389;0
c;65;0.46965966775055;u;p;cc;t;2.10624026647036;f;309;f;t;64523;0
b;42;1.66283368756079;u;p;cc;t;3.18088682354116;f;804;t;f;143802;1
c;52;7.38033616426371;y;p;no_cc;v;3.92825809040116;f;735;t;f;81576;1
b;42;0.827986679251265;y;p;no_cc;t;0.591680954616937;f;410;f;f;147342;1
d;46;6.03152109466388;y;p;no_cc;v;2.04952444848144;t;452;t;t;63919;0
c;35;2.45349109681321;u;g;cc;t;4.19901142817809;t;401;f;f;102103;0
b;63;3.89295614041977;y;g;no_cc;t;1.91916475966522;t;490;t;f;142443;0
a;35;2.886937367707;y;p;cc;t;2.85936135613593;f;380;f;f;23358;0
d;19;3.55672716464949;u;p;cc;v;2.93884680431099;t;788;t;t;108535;1
b;52;7.19045905184245;y;g;no_cc;t;0.922381265668197;t;387;t;t;127894;0
b;33;2.97121715623175;u;g;no_cc;t;1.81117720826144;f;493;f;f;141485;1
b;58;5.66404640296897;u;g;cc;v;1.67255644370966;f;403;f;t;96524;1
a;53;4.760504021991;u;p;cc;v;0.130983542660324;f;395;t;t;143416;1
c;50;6.63671165362648;u;g;cc;v;0.120958819456776;f;722;t;t;125982;1
a;21;9.36829739324758;y;p;cc;t;4.15848521837887;f;497;t;f;117057;0
a;50;7.3257209721025;y;g;cc;t;1.36535404986406;t;300;t;t;25698;0
d;31;2.14940378590757;u;g;cc;t;2.59039383119408;f;706;t;f;86809;1
c;38;0.311831350612847;y;g;cc;t;1.49362786794387;t;677;t;t;113079;1
a;65;2.62264044299825;u;p;no_cc;v;4.7033962255767;t;466;t;t;75805;0
d;37;5.95077930700255;y;g;cc;v;1.29648379432887;t;808;t;t;51349;0
b;25;0.514258134842504;y;p;cc;t;2.14828406369468;f;612;t;t;96777;1
d;24;4.96366247201236;y;p;cc;t;4.36365125242301;t;717;t;t;70248;0
a;20;5.96842848916889;y;g;no_cc;t;4.20966783395904;t;776;t;f;95033;1
a;34;3.34243890816961;u;p;cc;v;0.930507089231387;f;372;t;t;127411;1
b;50;7.70912203745822;u;g;no_cc;t;4.01321654897855;t;440;f;f;118239;0
c;65;1.06598253133772;u;g;no_cc;t;2.29093443368946;f;561;t;f;64041;0
b;29;0.751377817358088;y;g;cc;v;2.41484436042678;f;639;f;t;51954;1
a;68;7.28188756203603;u;p;cc;t;0.667399862079719;t;607;f;t;28002;0
b;39;4.95491316206199;y;g;cc;v;0.403007568785623;t;544;f;t;89783;0
a;39;6.88402396427736;y;p;cc;t;3.63969653486883;t;814;f;f;127524;1
d;63;4.34827338603746;y;g;cc;t;2.4823057617765;f;636;t;t;107234;1
d;47;2.46402033239107;u;p;no_cc;t;2.1842535130759;t;375;f;t;144857;0
c;55;8.191023176742;y;g;no_cc;t;3.64754114326198;f;474;f;t;39738;0
d;55;7.99415878968979;u;p;cc;t;3.82756449495555;f;408;t;f;30703;0
a;62;6.94696470854427;y;p;no_cc;v;0.794540838346768;t;482;t;t;133776;0
a;68;2.72145137229963;u;p;cc;v;3.05112574738821;f;491;t;f;69422;0
a;25;5.90230666869087;u;p;no_cc;t;0.676770411388428;t;364;t;t;103106;0
c;44;3.60973896940027;u;g;no_cc;t;3.75687543014523;t;773;t;f;81899;1
a;44;0.915820733266342;y;g;cc;v;3.2847757813357;f;399;t;t;32392;0
b;51;9.17313575462243;u;g;cc;v;4.78307310541729;f;843;f;t;64724;0
d;38;1.36818630918961;y;p;no_cc;t;0.344790081782106;f;427;f;t;52299;0
a;47;9.50237353820802;y;p;cc;v;0.285273605756272;f;751;f;t;35641;0
c;50;4.46005772957956;y;p;cc;v;1.410935373466;f;668;f;f;99534;1
a;45;1.8513292883862;u;g;cc;v;1.30852841867953;f;342;t;f;26305;0
b;64;5.41900947378358;u;g;cc;t;1.23489399536;f;718;f;t;118262;1
b;50;8.72945835876408;y;g;no_cc;t;4.53127290260518;t;787;f;f;38782;0
b;22;7.32224886409561;y;p;no_cc;v;1.24773099924753;f;377;f;t;98257;0
d;65;8.0656114786145;y;g;no_cc;v;1.35974863064316;t;569;t;f;125299;0
a;36;6.58783366710717;u;g;cc;v;3.79699131208982;t;614;t;t;97963;1
b;21;6.92276564517853;u;g;no_cc;v;2.2486992122527;f;467;f;t;132086;1
d;52;8.49195651565319;u;g;cc;v;3.88355278477591;f;638;f;t;141987;1
c;66;2.49668008859186;u;g;no_cc;t;0.326830787821926;t;492;t;f;40566;0
b;34;4.89424963643141;y;p;no_cc;v;2.43785596836692;t;752;f;f;144591;1
a;61;2.21209441819602;y;g;no_cc;t;0.168068000916413;f;582;f;f;87766;1
b;45;9.87668007996647;y;p;cc;t;0.313266017276773;f;635;t;t;26511;0
d;47;9.44059339686613;y;g;no_cc;t;4.53218726672206;f;689;t;f;134816;1
c;46;0.394268113685059;y;g;no_cc;t;0.696226855587976;f;824;t;t;127765;1
d;63;7.05575172515689;y;g;cc;t;2.66210341137609;f;539;t;t;138360;0
b;23;9.25248317415666;u;g;no_cc;v;2.05547801300353;f;782;f;t;46177;0
a;52;1.80575345127334;u;p;no_cc;v;1.73671663129421;f;757;f;f;24765;1
b;58;5.67945230552629;u;p;cc;v;4.49916672843636;t;388;t;f;40354;0
a;54;9.15488297588042;u;g;no_cc;v;0.109116983877448;f;394;f;f;43929;0
c;41;0.339459785857988;u;p;no_cc;v;3.31894843087795;t;751;f;f;48820;0
b;46;6.9742026724684;y;p;no_cc;t;4.81697217106775;t;727;f;f;131576;1
a;66;2.97349007372551;y;p;cc;t;2.80084091730921;f;450;t;f;49523;0
b;63;9.2439619537653;y;g;cc;t;4.68411231016546;t;813;t;t;91088;0
a;48;9.71058245165368;y;p;no_cc;v;0.261289396430119;t;675;t;t;86163;0
d;52;9.44266489113434;u;p;cc;v;2.09396659537081;f;321;t;t;97525;0
c;50;4.74214216657464;u;g;cc;t;1.30078895481026;t;612;t;t;33780;0
c;69;8.62042650989313;y;p;no_cc;v;3.65410482490365;f;818;f;f;26589;0
a;38;8.4454939853507;u;g;no_cc;v;4.90648545248623;f;505;t;f;54812;0
b;49;3.19100473243256;u;p;cc;v;1.28265031222124;t;674;t;t;113664;1
c;40;8.28915474150677;u;p;cc;v;3.27087300737037;t;750;t;t;65939;0
d;50;0.370076347154926;u;g;cc;t;0.990488163798701;f;478;t;f;71493;0
a;20;5.96269878482053;u;p;cc;t;2.82665127285805;f;509;t;t;124188;1
a;35;2.30008837287703;u;g;cc;t;2.31966243344168;t;799;t;t;113326;1
c;42;1.20566885777279;y;p;no_cc;v;4.86002664815769;t;763;f;t;60953;0
a;59;0.769532016292092;y;g;cc;t;3.04263636348233;f;423;f;f;85785;1
d;48;6.9628877587814;y;g;no_cc;t;1.74753186043409;f;412;f;f;39309;0
c;20;3.39874963768066;y;p;no_cc;v;0.570478924439667;f;311;f;t;74195;0
d;57;7.24766771528762;u;g;no_cc;t;0.756234143674673;f;425;t;t;135662;0
c;63;0.653563407989424;u;p;no_cc;v;1.12658464975618;t;630;t;t;45901;0
c;41;3.1529033783061;u;g;no_cc;t;1.25483330670149;f;582;t;t;43576;0
b;67;5.39491292375337;u;g;no_cc;v;4.25308028920569;t;439;t;t;51508;0
c;49;7.90723164838964;y;p;cc;t;2.80611394141262;t;700;f;t;94711;0
a;64;3.1875250293207;u;p;no_cc;t;2.61695455687183;t;396;t;f;45464;0
a;39;6.25891376437009;y;p;no_cc;v;0.573844359346087;f;816;f;f;80281;1
c;40;8.85977748236187;u;g;cc;v;4.30069846674718;t;368;t;t;36260;0
a;19;6.15863188182305;u;p;no_cc;v;3.61407151604242;f;417;f;t;144997;1
d;44;2.32959474753634;u;g;cc;v;0.338341809500008;f;358;t;f;55440;0
a;59;0.24400781556538;u;g;no_cc;t;3.53917548614884;t;332;f;t;115082;0
a;19;8.7009887390093;y;g;cc;v;2.71769108671323;t;617;t;t;125583;0
a;43;0.212694108503871;u;g;no_cc;t;0.408626728733891;f;349;t;f;76683;0
c;34;8.747016726842;u;g;cc;v;2.29150320764328;f;788;t;t;144206;1
a;57;5.28937134027212;u;p;cc;v;2.42348143565023;t;318;t;f;61430;0
a;50;9.39067698512896;u;p;cc;v;0.828872700816379;t;496;t;t;21987;0
a;26;7.98783235773665;y;p;no_cc;t;4.72849073500141;f;749;f;t;134778;1
a;60;9.97934110533338;u;p;no_cc;t;4.24987685740331;t;751;t;f;45105;0
d;65;3.5071181545171;u;p;cc;v;3.34511168664554;t;588;f;f;98484;0
a;56;7.67188288931127;y;p;cc;v;2.31147780500304;t;440;f;f;138747;0
d;46;4.01930913609242;y;p;cc;t;2.05882770792254;f;383;t;f;33026;0
b;59;4.79875620303909;y;g;no_cc;t;3.25486733575477;f;690;f;t;88309;1
a;43;6.2750546321837;u;g;no_cc;t;2.72715934703453;f;514;f;t;65927;0
a;52;8.73677114186339;u;p;cc;t;0.311365529409428;f;825;t;f;95414;1
b;67;9.84083469199295;u;p;cc;v;2.56251324385166;f;514;f;f;77535;0
b;42;7.68273413864518;u;p;no_cc;t;4.0320180861642;t;702;t;t;62946;0
b;41;4.17766782167334;u;p;no_cc;t;2.29619938798479;f;427;t;t;146503;1
c;30;4.2135700227707;y;g;no_cc;t;0.259782887771342;t;776;f;f;76561;0
a;24;7.37582301588892;y;g;no_cc;t;3.93139099692017;t;703;t;t;30377;0
a;53;2.38777145768302;u;g;cc;t;1.00681891067987;t;328;t;f;73592;0
d;62;1.10474113131395;y;g;no_cc;v;1.29310417444019;t;637;f;t;27347;0
d;37;3.54622157640777;u;g;cc;t;0.82353176716148;f;660;t;f;53776;1
d;18;2.87238991654082;y;g;cc;v;1.65107532435749;f;691;t;f;23783;1
c;25;2.9630812045599;y;g;cc;t;3.78375752844318;t;517;t;f;75798;0
d;63;2.3360775104991;y;g;no_cc;v;2.59692929751969;t;501;f;f;24298;0
a;33;0.420931896363619;y;p;cc;t;1.02440637075356;f;316;f;f;90204;1
c;31;0.178739347334138;y;g;cc;v;4.3891503907602;f;621;f;f;106207;1
c;29;9.87722389736032;y;p;cc;v;4.39790927475765;f;817;f;f;120356;1
d;68;4.27773133735862;y;p;cc;v;4.35289212523004;t;624;t;t;75161;0
b;40;3.84326647159682;u;p;cc;v;1.1939810569077;t;711;t;f;80652;1
d;32;6.7964728269307;u;g;cc;t;2.25619672090494;t;617;f;f;54484;0
c;45;2.18253887865064;y;p;cc;t;4.92494828070438;f;381;f;f;118614;1
b;51;9.49961183950225;y;g;no_cc;v;3.86006238154995;f;773;t;f;149572;1
b;19;7.86345014415552;y;g;no_cc;v;0.135837106127799;f;767;f;t;132695;1
b;49;0.894110023122595;u;p;no_cc;t;0.32602295630246;f;724;t;f;40922;1
c;40;4.17580775784928;u;p;cc;v;2.31965688406166;f;503;t;f;54028;0
b;39;8.79118307562165;y;g;cc;t;4.5461010293078;f;686;t;f;131461;1
c;68;9.4473202229141;u;g;no_cc;v;2.69350898976357;f;397;f;t;40316;0
d;42;4.6740151124987;y;g;no_cc;t;2.48906254017145;t;644;f;f;96996;1
d;39;6.13411389210708;u;g;no_cc;v;0.527368499783153;t;507;f;f;36968;0
c;39;1.67033946092075;u;p;cc;v;3.28390052362147;t;813;f;t;50266;0
d;66;9.91168626136977;u;p;cc;t;4.11051580300113;t;465;t;t;145679;0
c;69;2.31671701383443;y;p;no_cc;t;1.90210003753781;t;321;f;f;115745;0
b;59;9.42731774135126;u;p;no_cc;v;3.87805925462664;f;453;t;f;44000;0
d;23;6.49646648992369;y;g;no_cc;t;4.82238326950406;t;738;t;f;143239;1
b;32;6.07736794878859;u;p;cc;v;1.01883229563845;t;594;t;t;34011;0
d;60;5.12688511016509;y;g;no_cc;v;2.61664815597371;t;518;f;t;22866;0
d;54;2.30669811717759;u;g;cc;v;1.43568979042288;f;794;f;t;132669;1
d;50;1.76528032005508;y;g;cc;t;3.9642720951692;t;529;t;f;25898;0
d;25;2.20486209070175;u;p;cc;v;2.88796682940579;f;319;f;f;38395;0
b;61;1.86438262144255;y;p;cc;t;3.17291208775152;t;447;f;f;59019;0
c;61;7.79584473566753;y;p;cc;v;3.98957079807947;t;407;f;t;123243;0
d;22;3.5012525916673;y;g;no_cc;t;1.97985236331227;f;702;f;f;24006;1
d;56;0.578426765633964;y;p;no_cc;v;4.57545034203522;t;782;t;f;54393;0
c;21;9.69102630140811;u;p;cc;t;2.6651443362307;t;666;f;t;30956;0
a;23;8.83785884963426;y;g;cc;t;0.78977411417674;t;713;f;t;70042;0
d;62;9.27752283195213;u;g;cc;t;3.47949559084401;f;608;f;t;116199;1
d;49;9.94907822646435;y;g;no_cc;t;3.96630675219127;f;433;f;f;26078;0
a;69;1.73895249219487;y;p;cc;t;1.58380838533763;t;582;t;t;49631;0
c;47;3.96242018902659;y;g;cc;v;4.28589628499377;t;372;t;f;115676;0
b;64;7.58238475704091;y;g;no_cc;t;4.53071627382883;f;780;t;t;141724;1
b;52;6.96020618053792;u;g;no_cc;t;1.38452243688904;f;651;f;f;82901;1
c;57;1.53895906339855;y;p;cc;t;4.91760736357611;t;625;t;f;127227;1
b;69;8.15833124990618;y;p;cc;v;0.703557640243792;f;742;f;f;89497;1
b;33;2.24440571836661;u;g;cc;v;1.01007834201245;t;399;t;t;114813;0
d;30;2.23817614822623;y;g;no_cc;v;0.921124196190131;f;358;t;t;137192;1
a;67;5.36974422893414;y;p;cc;t;4.46994855003935;f;807;f;t;61574;1
d;59;5.92939934841703;u;p;no_cc;t;3.27146276162481;t;557;f;t;138494;0
c;47;5.80086207837811;y;p;cc;t;0.760521416111364;f;712;f;t;51417;1
c;36;0.914868373977549;u;p;no_cc;t;2.20161709184175;f;751;t;f;108020;1
c;34;8.7746086263038;y;p;cc;v;3.07649012534901;t;364;t;f;103639;0
c;36;2.65600042588706;u;p;no_cc;t;0.417320424946916;f;453;f;t;85006;1
d;45;1.29514921282804;y;g;no_cc;t;4.41208184203669;t;565;t;f;114881;0
d;43;8.88748079868977;y;g;no_cc;t;4.01801767720768;f;378;t;t;131862;0
a;54;9.55651498229753;u;g;no_cc;t;2.52603386788319;f;614;f;f;59454;0
d;43;8.62127617265451;u;p;cc;t;4.83563307629585;t;547;t;f;21587;0
b;40;8.09516074724878;u;g;cc;t;2.0888048963755;f;713;t;t;141688;1
a;26;6.55241980639022;u;g;no_cc;t;4.92055159518249;f;324;t;f;128107;1
a;29;5.50857370609139;y;g;no_cc;v;3.33959999401814;t;583;t;t;135584;0
b;18;0.869867599114101;u;g;cc;v;3.17335636626971;t;748;f;t;74710;0
c;18;4.08453213070699;y;p;cc;v;0.829774476478925;f;600;t;t;143157;1
a;64;3.72688517012314;u;p;cc;v;4.40963879152322;f;367;f;t;106567;1
d;51;2.59753783760326;y;g;cc;t;2.13744843960308;t;306;t;t;111748;0
b;49;7.23420113688585;y;p;no_cc;v;0.811167028912397;t;436;f;f;95886;0
c;65;4.95875735078771;u;p;no_cc;t;0.0630375998787952;t;463;t;t;38816;0
a;42;0.810462159076479;u;g;no_cc;v;2.79877841819191;f;382;t;f;105824;1
b;57;2.20183201949811;u;p;no_cc;t;2.63699811061338;t;719;t;t;49432;0
a;62;6.83258763659596;y;g;no_cc;t;3.59676811184579;t;372;f;t;129758;0
a;18;0.761308594903002;u;g;no_cc;t;4.45129026508901;t;536;f;t;68617;0
c;33;8.51206914048769;y;g;cc;v;0.397032923215148;f;345;t;t;92373;0
c;56;4.95146527013974;y;g;no_cc;v;3.65748245170181;t;561;t;t;54217;0
b;22;4.80586577326648;y;g;no_cc;t;0.937059720487911;f;475;t;f;40884;0
a;39;5.92407784659518;y;p;cc;v;4.29088526578582;f;465;f;t;25454;0
a;46;8.24680965925149;y;g;no_cc;v;4.09531756930828;t;669;t;f;94960;0
b;20;3.47809207902193;y;p;no_cc;t;2.70396877492772;f;353;f;f;122421;1
c;29;6.78016152559064;u;g;cc;t;3.55121399311656;t;718;t;t;127173;1
c;43;5.65731963995791;u;g;no_cc;v;1.57175056591874;f;806;f;f;63618;1
c;33;2.67028270169421;u;g;cc;v;2.35583949466407;t;640;t;f;103948;1
a;68;8.78629986355158;y;p;no_cc;t;4.10818448855236;f;426;f;f;82671;0
a;54;7.97426021606928;y;p;no_cc;t;2.29632598586607;f;708;t;f;67111;0
b;39;6.58451834658426;u;g;cc;v;1.78899132662721;t;666;t;t;59613;0
c;46;8.50581729094242;y;g;no_cc;v;2.4710622362515;t;570;f;f;105678;0
d;31;8.67294200959803;y;g;cc;t;4.14124626218609;f;678;f;f;140592;1
c;45;7.08362976715035;u;g;no_cc;v;1.67604023685436;f;372;t;f;122928;0
b;22;8.37013328363672;u;p;no_cc;v;0.868807965678719;f;547;t;t;144917;0
d;64;6.97471461669284;u;g;cc;t;3.5600701016539;f;342;f;f;79993;0
d;66;6.801407717603;y;g;cc;v;4.12989106354041;t;676;t;f;148652;1
d;47;6.18611378215184;u;p;no_cc;t;0.503187392617667;t;340;t;f;28848;0
a;63;7.52716639557641;u;p;cc;t;1.19937056377972;t;469;f;f;134853;0
d;69;1.58605105293074;u;g;no_cc;v;0.70985994880497;t;511;t;t;98672;0
b;22;8.80870759198928;u;g;no_cc;t;1.73970705791083;f;792;t;f;139279;1
a;29;8.71843527745232;u;p;no_cc;v;2.25175489452706;f;338;t;f;86125;0
c;33;0.292472830345591;u;g;no_cc;v;3.74413168481653;t;668;f;t;106444;1
a;43;8.25816750564763;y;g;no_cc;v;3.25573792440837;t;450;f;t;137509;0
d;43;1.28869867473445;u;g;no_cc;v;3.10464283739216;t;410;f;f;81602;0
d;65;3.35118854259142;u;g;no_cc;t;1.76187473304827;t;779;f;t;92045;1
b;38;7.43508256291608;y;g;no_cc;t;4.2072377654238;f;735;t;f;125997;1
d;56;1.60759896048308;u;p;no_cc;t;2.35643583699082;t;346;f;f;62222;0
a;53;8.17967024119062;u;g;no_cc;v;4.89552469007577;f;665;f;f;69223;0
b;50;8.32134177957742;y;g;cc;t;3.17071069147868;t;368;f;t;130012;0
d;47;5.07467733760836;u;g;cc;v;0.631323707822514;f;598;f;t;131246;1
a;54;0.0638587171683358;y;g;no_cc;t;3.38088781037717;f;595;t;f;85333;1
c;40;2.87038133174913;y;g;cc;v;1.6255200771585;f;502;t;t;72732;0
c;27;6.16926918375742;u;g;cc;v;3.43163598343049;t;360;f;t;142650;0
c;22;9.81186178027424;u;g;cc;t;0.348205740812029;t;613;t;t;69420;0
d;53;6.31813527016668;u;p;no_cc;v;0.874407185879797;f;460;f;f;95504;1
d;51;2.5980358106416;y;g;cc;v;4.27868629452893;f;630;t;f;22462;1
b;69;6.34005703099611;u;p;cc;v;1.13589778511757;t;827;f;f;29460;0
c;48;5.39985379715855;u;p;no_cc;v;4.1852056262147;t;637;t;f;119319;1
a;27;7.79845395151144;u;p;cc;v;1.39638044227205;t;603;f;f;145602;0
d;36;1.06980638826958;y;g;cc;v;3.21440955029354;t;802;t;f;29275;0
c;49;7.61027902502028;y;p;no_cc;v;3.47075286754916;t;637;f;t;114213;0
d;18;5.4126657867611;y;p;no_cc;v;2.56327376572526;f;849;f;f;33269;1
b;22;9.62992003858995;y;g;cc;t;1.52655338348366;f;574;f;f;149593;0
b;62;3.41872166038686;y;p;no_cc;v;1.06322188185548;f;463;f;f;142672;1
a;21;6.32621893133948;u;g;cc;v;0.165946772812131;t;742;t;f;85942;1
d;33;9.32028105510018;u;g;cc;v;1.51973200620362;f;618;t;f;92920;1
a;41;1.02509727990679;u;g;no_cc;t;3.26581395265642;t;803;t;t;140737;1
a;33;9.37228487236451;y;g;no_cc;t;4.69152409224241;f;686;t;f;42553;0
c;19;6.87885722300813;u;g;cc;v;4.35602241131526;t;793;t;t;44366;0
d;66;0.678370591051719;y;g;no_cc;t;3.83032388267651;f;789;t;f;64036;1
b;45;3.00963566946816;y;g;cc;v;3.94223671626649;f;372;t;t;37369;0
d;49;7.08172088645282;u;g;no_cc;t;3.32492451737998;t;808;t;f;31795;0
d;44;0.673506014687717;u;g;no_cc;v;1.30143428783002;t;689;f;t;90021;1
c;37;5.82170460176273;y;p;cc;t;4.53597515352915;t;594;t;t;127205;0
a;41;3.45883056952957;y;p;no_cc;t;3.35366155952917;t;668;t;t;88154;1
b;29;6.20915517767477;y;p;cc;v;2.8022031549022;f;848;t;t;50143;1
c;67;0.457420338125129;y;p;no_cc;v;0.554947346067405;f;486;f;f;49425;0
b;52;8.71536806152376;y;g;cc;t;2.23527771903213;f;744;t;t;108209;1
c;50;9.73488969177397;u;p;cc;v;2.30179135600963;t;662;f;f;95139;0
c;50;9.68877855285692;y;g;cc;t;4.32281804761335;f;422;f;f;125232;0
d;68;7.49651831742925;u;g;no_cc;t;2.73324110093894;t;487;t;f;25368;0
a;60;1.30086240130632;u;g;cc;v;1.90200274485205;f;719;t;f;24621;1
c;54;7.58263195929023;y;p;no_cc;v;4.8840016425533;f;551;t;f;78829;0
c;29;0.245869164588015;y;g;cc;v;0.553602966631578;f;848;f;t;149036;1
b;20;0.221235515289973;y;p;cc;t;2.11274214155972;f;634;f;f;80294;1
b;18;3.23610219149541;y;p;no_cc;t;0.210123375857026;t;391;f;f;34719;0
b;50;4.88643190404666;y;p;cc;v;3.69952060383465;t;829;f;t;49227;0
c;57;7.70407417807793;y;p;no_cc;v;4.59038276099575;t;362;t;f;129430;0
b;27;6.83295376606505;u;g;cc;v;1.40018664775245;f;811;f;f;27566;1
c;60;4.45902706376748;u;g;no_cc;t;4.2917083839956;f;438;t;f;32306;0
a;61;2.73626666281666;u;g;no_cc;t;1.46109115230949;f;484;f;t;73822;0
d;46;9.97124500157711;u;p;no_cc;v;4.55385080821958;t;504;t;f;44042;0
d;30;4.26181302235973;y;g;cc;t;3.76980951798392;f;513;f;f;35086;0
d;29;4.51387024329676;y;p;no_cc;t;4.02453388420719;t;555;t;t;37387;0
a;48;1.63623821191669;y;g;cc;t;0.0900327780022725;t;434;f;t;47042;0
a;63;7.94809548749929;y;p;cc;v;4.81405178537013;f;387;f;f;109424;0
c;19;6.93682225781489;u;g;cc;v;3.63335496035162;t;506;f;t;71618;0
d;68;2.2076961278876;y;g;cc;v;1.52375547693067;t;428;t;f;112050;0
c;67;0.823810456158427;u;p;no_cc;t;4.14697332429424;f;302;t;f;38323;0
c;52;6.80499302074713;y;p;no_cc;t;1.40760599207465;t;420;f;t;38019;0
b;40;6.54511214281135;u;g;no_cc;v;4.36376919783064;f;684;f;f;95426;1
c;34;2.73259526998209;y;p;cc;t;0.562901952059685;f;337;t;f;60863;0
b;43;9.5086356225041;u;p;cc;v;3.51842988730398;t;640;f;t;140953;0
a;25;1.510578917809;y;g;no_cc;v;2.70349238322455;t;320;t;t;131023;0
b;46;4.32334801042602;u;p;cc;v;0.482672350977204;f;541;f;t;30283;0
d;43;9.43615920167599;u;p;cc;v;1.2094691412942;f;754;t;t;38279;0
d;27;4.19727316926122;y;g;cc;v;0.062020181386574;f;602;t;f;66999;1
a;43;6.38525947664086;u;g;no_cc;t;2.34383982732253;t;368;f;t;82780;0
a;51;3.97594397962794;y;p;cc;t;1.5063263038;f;428;t;f;42908;0
c;68;2.7421520234867;u;p;no_cc;t;2.99178742148879;f;495;f;f;81584;1
a;58;9.83977647959828;u;p;no_cc;v;1.48618903854309;f;439;t;t;146278;0
b;24;4.09334006315043;u;g;no_cc;v;1.49959555753492;f;743;f;f;133002;1
c;21;8.94099203679135;y;p;no_cc;v;3.71596599365802;t;582;f;f;70225;0
d;67;2.29954605891086;u;p;cc;t;0.240714179891767;f;611;f;t;57952;1
d;62;2.13104704025083;u;p;no_cc;t;4.51447497595994;t;834;t;f;120706;1
b;28;0.311340828845114;y;p;cc;v;4.26131937195591;t;576;t;f;57663;0
b;46;6.51666825375885;u;p;no_cc;t;3.33902341613203;t;360;f;f;142019;0
a;53;3.68526343723761;y;g;no_cc;v;2.96610785053692;t;618;t;f;129708;1
c;42;8.64358249839637;u;p;cc;t;4.46151249069826;t;351;f;f;81381;0
b;38;4.73209906691557;u;p;cc;t;0.926650897643572;t;452;f;f;67929;0
d;53;9.68193427914722;y;p;cc;v;0.394845810954143;f;610;f;f;29343;0
d;27;1.85525515703121;u;g;cc;t;1.19755084954769;f;843;f;f;96173;1
a;54;8.68623167955611;u;g;cc;t;3.97289139350095;f;688;t;t;120260;1
a;26;7.76596852791742;y;p;no_cc;v;0.173351333632417;f;847;f;t;59791;0
a;41;7.70921844644052;y;p;cc;v;2.91403417541745;f;476;f;t;49134;0
b;52;8.44783228116888;y;g;cc;t;4.97718758095655;f;661;t;f;132366;1
c;66;7.61023990942999;u;p;cc;t;4.2784804691877;t;613;t;t;67101;0
c;52;6.26220321631415;u;g;no_cc;t;2.60722844521795;t;396;f;t;89443;0
d;65;1.31244877682388;u;g;cc;t;0.318204546433212;t;512;t;f;119111;0
d;53;0.325261794912519;y;g;cc;v;4.15686757192855;f;436;f;f;77530;0
a;35;9.20847847815687;u;g;cc;v;2.99489254088605;f;305;t;t;66799;0
b;66;6.16650314520738;u;g;no_cc;v;0.574664985297834;t;408;f;t;24827;0
a;56;7.96537290976176;y;g;no_cc;v;0.469286424116781;f;846;f;t;116143;1
a;49;4.8152235151255;u;g;cc;t;4.54813409718296;t;338;t;f;82653;0
c;41;1.17308188962394;u;g;no_cc;v;3.34600131469039;f;724;t;f;33699;1
a;40;1.2518579220255;y;p;no_cc;t;4.14643399658378;f;560;f;t;122828;1
b;49;6.85565287228971;u;g;no_cc;v;4.39489450141134;t;725;t;t;133497;1
c;54;4.30305894899463;u;g;no_cc;t;2.85886176024161;t;386;f;f;111419;0
b;29;2.00524726700337;y;g;no_cc;v;2.58723175877521;t;764;f;t;134527;1
c;66;4.91594546741437;u;g;no_cc;v;2.15213705160495;f;375;t;f;136972;1
d;30;0.642089370751341;y;p;no_cc;t;1.5847329389556;t;770;f;f;25313;0
d;40;5.81971401914399;y;p;no_cc;t;2.17297980429356;f;713;t;t;33598;1
b;42;2.68993404435098;u;g;cc;v;3.86939827865078;f;756;t;f;131362;1
c;52;7.97559100637188;y;g;cc;t;3.00961715507566;f;584;t;f;135445;0
d;58;3.10361958923574;y;g;no_cc;t;4.46261644977423;t;538;f;t;48807;0
c;47;4.55220149081801;u;p;no_cc;t;2.21690007189594;f;671;f;f;90423;1
c;34;0.116205399081006;y;g;no_cc;t;3.03544789359377;f;794;f;t;89390;1
c;66;0.724468877945589;y;g;cc;v;3.15653776545994;f;344;t;f;65226;0
a;37;3.92493556406685;u;p;no_cc;v;2.95848581153163;t;700;f;t;79550;0
c;65;4.79938834717124;y;p;no_cc;v;3.51316886542758;t;546;t;f;100072;0
a;42;6.00020548119304;y;g;cc;v;1.18716734187403;t;749;f;t;23558;0
b;39;2.91662578709303;u;g;no_cc;t;2.56181888772895;t;784;t;t;95308;1
a;30;6.94981886126543;u;g;cc;t;0.521124014041738;f;317;t;t;70113;0
a;36;8.60122397189205;y;g;no_cc;t;1.92255663822406;f;588;f;f;72999;0
c;66;7.7985098889335;u;g;no_cc;v;2.43833534310632;t;713;t;f;75878;0
c;53;0.396188253483571;u;g;no_cc;v;3.26112129772736;t;534;f;t;56343;0
d;29;4.80506947257829;u;p;no_cc;t;4.75265526293102;t;715;t;f;78219;0
c;58;1.04930178418175;y;g;cc;v;3.00325533274178;f;798;t;t;55186;1
b;36;2.42045015862527;y;p;no_cc;v;3.7179695808828;t;414;f;t;56966;0
d;29;9.86662593267146;u;g;cc;v;2.53133029747601;t;533;f;t;53769;0
b;26;1.42495542901513;u;g;no_cc;t;3.17052015688166;t;839;f;f;139932;1
a;24;4.98888153451356;u;p;cc;t;0.354661080668867;t;310;t;f;146264;0
c;45;6.18155734318119;y;g;no_cc;t;1.27195790420924;f;505;t;f;125423;1
b;31;7.02464970544104;u;g;cc;t;1.80926546602569;f;546;t;f;73218;0
d;48;5.59648683486914;u;p;cc;v;2.36246677503257;t;426;f;f;39229;0
b;69;0.0977084741918366;y;p;no_cc;v;0.228243727511919;t;446;f;f;95209;0
d;36;3.26461308243992;u;p;no_cc;v;0.700120487766588;f;417;t;f;47877;0
d;64;5.17711643384711;u;g;no_cc;v;1.38407153895653;t;681;t;t;78001;0
a;33;0.878664991448334;y;g;cc;v;4.85766345450525;f;711;t;f;117137;1
b;22;3.50626931209181;u;g;no_cc;v;1.65673503551525;f;662;f;f;58084;1
a;52;0.332031087913666;y;g;cc;t;2.41020529056041;f;808;t;t;101780;1
b;29;0.785784971550207;u;g;cc;v;0.980488563691965;t;436;t;f;112892;0
a;42;3.96923276201596;u;p;no_cc;v;3.05390035537884;f;474;t;t;36806;0
b;69;1.3271575404306;y;g;no_cc;v;1.40341607757987;f;588;f;t;108635;1
a;38;5.67540848261558;y;p;cc;v;1.03496289219213;f;780;t;t;130177;1
a;53;6.89464969137266;u;p;no_cc;t;2.5828631422299;f;318;t;t;57034;0
b;40;8.00586699109083;u;g;no_cc;v;0.0275289958021041;f;494;f;t;60317;0
c;33;2.0015024424481;y;p;no_cc;v;0.0383201632461266;t;629;t;f;75468;0
d;56;1.6748258225907;u;g;no_cc;v;1.09534404550929;f;474;t;t;39094;0
d;62;1.045678403344;u;p;cc;t;0.183606812504106;f;748;f;f;77796;1
d;59;6.36430249543637;u;g;cc;t;0.540128770653457;t;653;f;f;30589;0
b;56;7.06475726486901;y;p;cc;t;1.69430324669376;t;798;t;f;77221;0
c;31;0.31586144825642;y;g;cc;v;4.01292839789906;f;440;t;f;144855;1
a;48;9.3621224624369;y;p;cc;t;2.8602432168465;f;392;t;f;21657;0
c;22;0.519712836514724;u;g;no_cc;v;2.56333862978208;f;538;t;f;118300;1
c;52;5.41296335301071;y;p;cc;v;1.46744411604061;t;504;t;t;137229;0
c;40;7.09060519450916;u;p;cc;v;4.65876859716408;t;732;t;t;59531;0
d;46;8.70969123746086;u;p;cc;v;1.98507520618596;t;544;t;f;72227;0
a;60;7.14086932132428;y;p;cc;v;0.435463833978857;f;616;t;t;23164;0
c;28;8.01728083069792;u;p;cc;t;3.08533258058901;t;594;t;f;113078;0
a;35;3.39450192542806;u;p;no_cc;v;0.569191967383007;f;581;t;t;103973;1
c;64;8.14825113746512;u;p;cc;t;1.72611571400846;f;316;t;f;61247;0
d;29;0.801148463846751;y;g;cc;t;2.53705969358904;f;370;t;f;124041;1
d;26;8.94816656060528;y;p;cc;v;4.37111262342588;f;568;f;f;39601;0
c;27;5.47592376153736;u;p;no_cc;v;2.46773290170059;t;624;t;f;113966;1
a;61;8.17297769962494;y;g;no_cc;t;3.51129383015832;t;604;f;t;70599;0
c;34;4.523182845183;y;p;no_cc;t;4.96408419499535;t;750;f;f;91545;1
a;55;6.43577695196525;y;p;cc;t;0.657445599489908;t;306;f;t;135295;0
c;24;5.26402660936113;u;p;cc;t;1.3736576275976;f;613;t;f;24552;1
d;63;7.31589521755332;y;p;no_cc;t;1.97288037798823;f;402;t;t;136452;0
a;30;0.816299820305896;y;p;cc;v;2.10914089269416;f;492;f;f;29417;0
b;57;0.603520839905638;y;g;no_cc;t;2.05510537632773;t;828;t;f;78579;0
b;59;2.47103234010146;u;g;cc;v;4.53805501278278;f;470;t;t;127525;1
a;26;1.59544680113188;y;g;no_cc;v;3.57016322233428;f;836;f;f;88207;1
b;67;8.71783566592202;u;p;no_cc;v;3.03952607045352;t;550;f;f;92055;0
c;44;2.19213987358044;u;g;no_cc;v;1.54686358931391;f;686;t;t;122266;1
c;19;9.75865255819131;u;p;cc;t;4.11895192110647;t;506;f;f;98270;0
b;22;3.36895791771107;y;p;no_cc;v;4.77530255742494;t;840;f;f;131426;1
b;46;1.82117915688699;u;p;no_cc;v;4.10599141275113;f;715;f;t;137865;1
b;54;7.89698507142479;u;g;no_cc;v;0.00782552595736452;t;679;f;f;23722;0
c;55;6.58707775500876;u;g;cc;v;3.18200685091704;f;443;f;f;90442;1
c;36;4.98195716453139;y;p;cc;t;0.255676907210504;f;324;f;t;115632;1
b;25;5.55363550937631;u;g;cc;t;1.28803610166861;t;372;t;t;60031;0
d;65;7.19201778272264;y;p;no_cc;v;0.297623501738858;f;392;f;f;99235;0
a;62;2.28454741331299;u;p;cc;v;3.01897726474694;t;804;t;f;41438;0
a;18;9.96333916056742;u;g;cc;t;3.43294956746303;f;635;f;f;78819;0
b;39;9.74793162146783;y;g;no_cc;v;0.572438190329526;t;724;t;f;63856;0
c;69;6.50325686346937;u;p;cc;v;1.9191944152249;f;798;t;f;53576;1
d;34;1.99542450929145;y;g;cc;v;2.28118254477771;t;663;f;f;61938;0
c;24;6.80228242431291;u;p;cc;v;1.84526510880458;f;498;f;t;69028;0
c;42;0.721984089791758;u;g;no_cc;v;0.605125002425965;f;712;f;t;79807;1
d;62;0.306525022058061;y;g;cc;t;2.09473895093738;t;638;f;f;69877;0
c;21;2.57682888511214;u;g;no_cc;v;3.75589023904209;t;728;t;f;117783;1
c;53;4.62622956739316;y;p;no_cc;t;0.355038322666277;f;438;t;t;63461;0
b;23;8.68272505408381;y;g;cc;t;0.400900070409517;t;841;f;f;113474;0
b;48;7.27169069766308;u;p;cc;t;1.77385645917992;f;356;t;f;60469;0
a;36;7.42706521199981;y;p;cc;t;4.70862855809463;f;531;t;f;103136;0
c;61;4.25493334448075;y;p;cc;t;3.34286323361457;f;734;t;t;40435;1
a;56;3.45934992546963;y;g;cc;v;3.39334978336282;t;683;f;t;104117;1
a;44;3.71038762984603;u;g;no_cc;v;1.80959995418932;f;493;f;t;34191;0
d;27;9.87649563736058;u;p;no_cc;v;2.96830395604269;f;833;f;f;104726;1
b;43;0.401091914124825;y;g;no_cc;v;0.0506559201387169;t;817;t;f;143658;1
b;36;8.67031496122449;y;p;cc;t;3.18048023204771;f;484;t;f;135660;0
a;56;5.78675408572393;y;p;no_cc;t;4.56643473788118;f;591;f;f;47386;0
a;20;4.38615419189591;y;g;cc;t;3.0628673417241;f;634;f;f;51721;1
a;62;7.25257660415137;u;p;no_cc;v;4.36849296733173;t;415;t;t;74786;0
d;30;4.86668941424703;u;g;no_cc;v;3.61986527733047;t;348;t;f;33704;0
b;67;8.73423238081661;y;g;cc;t;0.602792082018451;f;381;t;t;76635;0
c;45;9.00701864011259;y;g;cc;v;4.51226653642921;f;632;t;f;22123;0
c;37;4.21720926873455;y;g;cc;v;0.332219221778874;t;634;f;f;110710;1
c;45;2.76827797235052;u;g;cc;v;2.66983736273882;t;831;t;f;129837;1
c;25;5.92350328593362;y;p;cc;t;0.710685618967288;t;520;f;t;134912;0
a;58;9.12363345616691;u;g;no_cc;t;0.0585330536545203;f;622;t;t;82993;1
a;56;2.10662189005667;u;p;cc;v;2.1101713006382;t;302;f;f;132752;0
d;18;6.22966583563483;y;g;no_cc;v;1.47520353827078;t;505;f;t;100122;0
c;20;6.31560220092521;y;p;no_cc;t;2.43000246898802;t;339;t;f;117512;0
b;30;7.33113022415281;y;p;cc;v;2.88599943367275;t;358;f;t;45416;0
d;45;1.3156768512726;y;g;cc;t;0.218695361544737;f;806;f;f;21814;1
a;66;7.15824964682089;u;p;no_cc;v;0.615016475618728;f;421;f;t;98537;0
a;42;9.09032520665641;u;p;no_cc;t;2.79321198225213;t;778;f;f;70258;0
a;50;1.79683108870242;y;p;cc;t;1.71583676586329;t;395;f;t;36508;0
b;55;2.37543324923878;u;g;cc;t;3.64586743774724;f;713;t;t;105166;1
b;23;9.7139509404164;y;p;no_cc;v;3.2614582429597;f;534;f;f;98916;0
b;61;1.8097695270949;u;g;no_cc;t;4.22802181494953;t;361;t;t;133710;0
a;62;8.54385093369579;u;g;cc;t;3.46246413334613;t;555;f;t;55699;0
c;49;4.92277856448035;u;p;no_cc;v;2.14965538695074;f;647;f;f;66335;1
d;62;2.47231074403177;u;g;no_cc;v;3.36483311197216;f;423;t;t;66806;0
d;64;8.70749901272511;y;g;cc;t;1.37690587127709;t;781;f;f;97853;0
d;38;4.45305255002666;y;g;cc;v;1.53156749389106;t;616;t;t;83768;1
c;33;5.1481735392969;u;g;cc;v;3.94492579960397;f;803;f;f;55739;1
c;38;3.59233369399766;y;g;cc;v;2.23209758200791;f;347;f;f;54785;0
d;28;5.92950851434927;u;p;no_cc;t;3.99190170259176;t;708;t;f;51980;0
d;54;1.63523872585023;u;p;cc;t;4.11211186834139;t;435;t;t;109335;0
d;53;3.91081536651761;u;p;no_cc;t;4.28781168830642;t;500;f;f;120719;0
a;52;9.69412322335288;u;g;no_cc;v;4.58317617920604;f;549;t;f;114702;0
b;36;2.58133432701128;u;p;cc;v;2.15492610256648;f;613;f;f;105016;1
c;37;6.56736664541292;y;g;no_cc;t;1.59433409160569;f;667;f;f;21609;1
a;35;3.25190064224695;u;p;no_cc;t;2.91099373297057;f;728;f;f;86253;1
b;64;7.73473125686601;y;g;cc;t;1.85586211718814;f;779;f;f;105481;1
a;58;1.3087366071835;u;g;cc;t;3.00537083400116;f;613;t;t;111128;1
a;66;9.69821045078545;y;g;no_cc;t;3.52792931321912;t;799;t;f;48141;0
b;31;4.53789541383639;y;p;cc;t;3.44202509246068;f;654;f;t;50009;1
c;32;2.36050463346464;y;g;no_cc;v;1.87276443510061;t;784;f;t;147581;1
d;48;0.734967473300127;u;p;cc;v;0.834301008493764;t;510;t;f;130966;0
b;18;1.69757905087541;u;g;cc;v;2.15264669231104;t;343;t;t;26782;0
c;20;5.19773948556018;y;p;cc;t;0.712970720409544;t;840;f;t;112072;1
d;33;3.37003176431286;y;p;cc;v;4.45048517591904;t;391;t;f;119352;0
c;40;8.28883365882609;y;p;cc;t;1.72938730368929;f;564;f;f;45933;0
a;28;4.30887523661806;y;p;cc;v;0.772298736116619;t;519;t;t;97154;0
a;29;2.4871427258763;y;g;cc;v;0.127238799528754;f;741;f;t;28307;1
b;27;6.1714498660403;u;g;no_cc;t;3.22911193143242;t;700;f;t;112207;1
a;49;7.06777216885446;y;g;no_cc;v;3.18451158727372;t;699;t;t;126209;0
b;33;1.6704190790095;y;p;cc;v;1.70302083290646;t;789;f;f;128297;1
d;25;1.67619216288318;u;p;no_cc;t;0.358559444238255;t;784;t;f;95874;1
a;55;0.36671426933543;u;p;cc;v;2.04814447447616;f;769;t;t;58346;1
b;29;7.36402015065641;u;p;cc;v;1.55608747531697;f;744;f;t;132138;1
c;41;6.63804527621805;u;p;cc;t;3.38560319867505;t;568;f;t;70772;0
a;45;4.74630875749814;u;g;no_cc;t;3.02889624726345;t;566;t;t;92084;0
b;25;8.44170448969197;u;p;cc;t;1.8229686409877;f;353;f;f;60149;0
a;45;8.05670152950053;y;p;cc;v;1.08946277127495;f;827;t;f;106700;1
d;53;5.85354364396752;u;g;cc;v;4.94017983077796;t;819;t;t;47526;0
b;43;8.68271280513259;y;g;no_cc;t;2.27000810598057;f;358;f;t;116758;0
d;25;2.05841210036768;y;p;cc;t;3.44137117890119;f;339;t;t;105712;1
d;67;1.11919619397728;u;g;no_cc;v;0.702764837891804;t;536;t;f;148447;0
a;45;2.6974961151699;u;p;no_cc;t;2.42794849829699;f;685;t;t;88477;1
d;45;0.570868560893149;y;p;no_cc;v;0.137683599347327;t;599;f;f;25695;0
a;54;5.31169528001032;u;p;cc;t;2.52727558955225;t;694;f;t;59169;0
a;58;9.36605692294961;u;p;cc;t;4.82008703558851;f;506;f;t;67947;0
a;53;0.393435406685096;u;p;cc;t;1.921033564929;t;635;f;f;67224;0
c;44;1.22109914010027;y;p;cc;v;0.194980062874558;t;813;f;f;65865;0
c;34;4.52199028283435;y;g;no_cc;v;0.154778954596718;t;477;f;t;45553;0
b;26;9.33875017527905;u;p;no_cc;t;1.93993379973435;t;695;t;f;124501;0
d;50;3.16156104976751;u;g;cc;t;0.80012468231597;f;670;t;f;80410;1
c;37;5.07234808688392;y;p;cc;v;0.11676048164093;f;617;f;t;123754;1
d;30;0.415728590503921;y;g;no_cc;t;3.78106806975088;t;668;f;f;110895;1
b;45;1.48343200962089;u;g;cc;t;2.29261504440945;f;683;f;f;44816;1
a;65;9.86630122958847;u;p;cc;v;1.44622385986327;f;361;f;t;75026;0
d;46;9.65118696436046;y;p;no_cc;t;4.5004159150824;t;804;f;f;70705;0
a;30;0.0493998093440962;y;p;cc;v;0.580694801002628;f;538;t;f;81922;1
b;63;9.51811785423239;y;g;no_cc;t;4.7795941447766;f;494;t;f;135700;0
b;52;6.391199378155;u;g;cc;v;1.56983358688676;t;521;t;t;93914;0
b;23;8.67918294520022;y;g;no_cc;t;4.44201836154341;t;360;t;f;21881;0
d;35;4.54739855633859;u;p;no_cc;t;3.01471438239731;t;428;f;f;59567;0
b;68;5.1559602857925;u;p;cc;v;4.13353679870744;t;455;f;f;67365;0
d;22;4.8884658025692;u;g;cc;v;4.92006581605232;t;677;f;t;147928;1
a;64;6.66864257546104;y;g;no_cc;v;1.44202718909373;t;736;t;t;99211;1
a;42;1.39651254756313;u;g;cc;t;4.80567742703797;t;506;f;f;90122;0
c;19;0.29973589872678;y;g;cc;t;1.9474094745121;f;687;t;t;45006;1
b;27;3.07929941591191;u;g;cc;v;1.92755952368461;t;779;f;f;61198;0
d;47;7.04680762736647;y;p;no_cc;v;1.70193552127253;t;639;f;f;42831;0
a;67;2.01853452122948;u;g;no_cc;v;2.70703803673793;f;639;t;f;120649;1
d;62;6.73432433324917;u;g;no_cc;v;0.770725215892436;f;503;f;f;36459;0
a;22;9.6991204610727;y;g;cc;v;2.76855742679006;t;460;f;t;52443;0
d;50;0.939007157894184;u;g;cc;v;2.70852406205002;t;839;f;t;62316;0
b;18;6.72602118225126;y;p;cc;v;3.80950906302435;f;691;t;t;116131;1
c;35;4.43750219304571;u;g;no_cc;t;4.16824980968793;f;833;t;t;84486;1
c;49;8.68142254377505;u;g;no_cc;t;2.20220675156212;f;369;t;t;25877;0
c;64;1.77149789447386;u;p;no_cc;v;1.51166624675747;t;704;f;t;59553;0
a;66;6.92625952226165;u;p;no_cc;v;1.29667448658547;t;816;t;f;134137;1
a;28;8.3811528964811;u;p;cc;v;0.97311918352436;f;419;f;f;24922;0
c;38;9.44614219474023;y;g;cc;t;0.288237910995124;f;516;f;t;142778;0
a;43;6.83248028289646;u;p;cc;v;1.71223989417357;f;355;f;f;137018;1
a;42;4.97174764008427;u;p;no_cc;t;1.35123846065392;f;665;t;f;24686;1
c;39;6.17847240201214;u;p;cc;t;4.83208692933204;t;803;f;f;52766;0
d;44;8.68904984478718;y;p;no_cc;t;2.78854413125022;f;754;f;t;99943;1
d;66;5.7060974663883;y;p;cc;v;1.73638519515254;f;403;t;t;52006;0
c;30;0.303870596968369;y;g;no_cc;v;2.90233800496848;f;376;t;f;51422;0
a;50;9.30948695506978;u;p;no_cc;v;0.695983506728478;t;529;f;t;136590;0
d;51;6.89526751031561;y;g;cc;t;2.22021874601101;t;557;t;t;148886;0
a;58;6.76513385777247;u;p;cc;t;3.13117160710532;t;563;f;f;32205;0
d;52;2.15675152397717;u;p;cc;v;2.44448915896226;f;630;t;f;106590;1
b;18;6.58885470232657;u;p;no_cc;t;2.00889400327162;f;481;f;f;43527;0
b;38;3.93864405654159;u;g;no_cc;t;4.96924194449849;f;849;t;t;131483;1
c;65;6.51232977041492;y;p;cc;t;4.40157381074464;f;326;t;t;38443;0
b;23;1.06593030307991;u;g;no_cc;t;3.1170297907972;t;575;f;f;36524;0
a;45;6.57845304603036;y;g;cc;t;2.84688680591141;t;598;f;f;136477;0
b;34;9.99413725770667;y;g;cc;v;3.10330239912292;f;390;t;t;48202;0
b;22;0.48212038860556;u;p;no_cc;t;1.00656053911217;f;779;f;t;85552;1
a;48;9.77174184221317;u;p;cc;t;1.97568871632159;t;757;f;f;66142;0
b;22;4.06907960722871;y;g;no_cc;v;0.197297664454497;t;750;f;t;81692;1
c;55;8.70753450337259;y;g;no_cc;t;2.37773018743413;t;664;t;t;102384;0
d;20;7.82385484058274;u;p;no_cc;v;2.71512291978832;t;650;t;t;40855;0
d;40;5.67016260986668;u;g;no_cc;t;1.13874868051605;f;699;f;f;103747;1
c;54;7.38449209251327;y;p;no_cc;t;4.82014423582757;f;552;f;f;80372;0
a;54;8.78515561301348;u;g;cc;t;4.54727305468621;f;758;t;t;45095;0
d;27;4.04140321651033;y;g;no_cc;t;3.61071617727953;t;798;f;f;58724;0
d;27;3.27033161563239;y;g;no_cc;t;2.66693314382681;t;807;f;f;69241;0
d;36;6.67593385563585;y;g;cc;v;4.34984579823843;t;603;t;f;123119;1
c;34;8.07845941941259;y;g;no_cc;v;0.653261719117315;f;800;f;t;72003;0
b;38;7.62285134776616;u;g;no_cc;v;3.95254897137443;f;465;f;t;88379;0
a;31;7.97813648858635;u;p;cc;t;0.624104069834242;t;714;t;t;114837;0
d;26;4.35583314812933;u;p;no_cc;v;3.97105331274703;t;761;t;t;111996;1
c;63;8.17834216175022;u;p;no_cc;t;1.37883784125678;f;413;f;t;117454;0
d;18;1.20209055370608;u;p;cc;v;4.38545290509094;t;732;f;f;114283;1
b;68;5.4448909796085;u;g;no_cc;t;4.72021046912699;f;655;t;f;35972;1
c;62;0.0575866049812157;y;p;cc;v;0.743979847025578;f;506;t;t;143805;1
b;30;3.2458582990027;u;p;no_cc;t;2.31337802532697;f;534;t;t;113846;1
d;21;3.66461534871398;y;g;no_cc;v;4.90493689081343;f;741;t;f;42927;1
b;18;3.96172691609255;y;p;no_cc;v;2.41703717986573;t;654;f;t;140589;1
d;66;6.95467206689862;y;g;cc;v;4.31773761257273;f;814;t;f;135657;1
d;57;3.88558101270346;u;p;no_cc;t;2.9436576106566;t;507;t;f;86630;0
a;49;4.48693622622531;y;p;cc;v;1.87664953959801;f;424;f;t;124428;1
c;51;2.37544130874328;u;p;cc;v;1.42891777762935;f;437;f;f;142035;1
d;45;3.7325179162934;y;g;cc;t;1.01611545543044;f;638;f;t;72347;1
d;48;2.27269627263151;u;g;cc;t;3.80899095688849;t;836;t;f;119708;1
a;25;0.731959237684436;y;p;no_cc;v;1.93270253411514;t;367;t;t;146244;0
d;56;6.03448593381378;y;p;cc;t;2.55637731100376;t;840;f;f;108860;1
c;43;6.68212798555016;y;p;cc;v;2.46162740000591;t;682;t;f;106210;1
c;51;6.19490346009615;y;g;no_cc;t;2.88639514616566;t;318;f;t;89518;0
d;20;4.63494043800572;y;p;cc;v;4.32788572812276;t;749;t;f;65283;0
d;67;3.7978578017923;y;g;cc;t;4.90369671791715;t;373;t;t;101326;0
b;29;8.63333649571825;y;p;cc;t;2.03792104286908;t;575;t;f;32205;0
c;18;5.19081785136218;u;g;no_cc;t;4.13759461053152;t;347;f;f;140243;0
d;61;4.79181877629731;u;p;no_cc;v;3.82263897327359;t;510;f;t;109874;0
d;22;0.256420658064357;u;g;no_cc;t;2.86764475727787;t;839;t;f;32748;0
b;47;3.41247827626156;u;p;no_cc;v;4.78023571805967;f;490;t;t;41097;0
b;47;3.80195618785857;u;p;no_cc;t;1.00237257764201;t;614;f;f;23092;0
a;34;3.98822780896901;y;p;no_cc;v;0.546321051548107;t;412;t;f;73311;0
b;65;5.80172369227332;u;p;no_cc;t;4.26980983477711;t;469;f;f;42692;0
d;64;5.33602546726879;y;g;cc;v;2.19574908316874;t;767;t;t;144954;1
d;40;6.07905092793445;y;p;cc;t;4.2348442710353;t;313;t;t;43862;0
b;32;7.64883261542128;u;g;cc;v;4.46545102597707;f;587;f;t;110396;0
a;54;8.12985738716094;u;p;no_cc;t;0.312287968095357;t;488;f;f;99507;0
b;38;7.18123076226494;y;p;no_cc;t;4.4173238149303;t;454;f;t;100152;0
b;31;9.55523695954935;y;g;cc;t;2.24159527684711;f;770;f;f;90469;1
c;19;0.182325826763616;u;g;cc;v;2.55216244502116;t;374;f;f;24926;0
c;28;1.95777985683546;y;p;cc;v;3.13296255546605;t;576;f;f;111299;0
d;68;0.0756287497814212;y;g;cc;v;4.63191303365043;f;642;t;f;23969;1
a;56;6.47474714154603;u;g;no_cc;v;0.0955804721488202;t;724;t;f;55733;0
a;55;8.98030548949987;u;g;no_cc;v;2.38421734158909;f;810;f;t;89855;1
a;51;2.43482296576299;y;p;cc;t;3.4386102121528;f;481;f;f;61743;0
d;55;9.27034544796307;y;g;cc;v;3.61353478849114;f;757;f;f;59876;0
c;67;0.602673902895609;y;g;no_cc;t;3.46266215768554;f;363;t;f;127445;1
a;51;9.34436026805514;u;g;cc;t;0.672175647040609;t;559;t;f;40323;0
b;35;3.51622687239634;u;p;no_cc;v;1.49697794185841;t;492;f;t;36428;0
b;47;1.01420828449217;y;g;no_cc;t;1.79357762708507;f;705;f;f;54578;1
c;32;4.85871759186326;u;g;cc;t;4.02218603839753;t;392;f;t;106486;0
c;44;2.56776567720508;u;g;cc;t;1.39379936207277;t;729;t;t;128577;1
b;68;2.84872901961923;y;p;cc;v;1.05352481933602;t;733;f;t;84140;1
a;51;3.07289964926287;u;g;cc;v;4.78724009519048;t;703;t;f;146378;1
d;69;8.03025897832663;y;p;no_cc;t;0.0443164255673445;t;733;t;f;127325;0
a;55;5.39161276675254;y;p;cc;v;4.98910427840989;f;411;t;t;103829;1
c;50;3.11307699156004;u;p;no_cc;t;3.38410649428698;f;674;f;f;26364;1
b;41;6.10333783310918;y;p;cc;t;4.14234649724559;f;358;t;t;148867;1
a;32;7.16150674223194;u;g;no_cc;t;1.47309698173097;f;342;f;t;55349;0
a;47;2.72624000733534;y;p;no_cc;v;0.0715763883352999;t;506;t;f;20691;0
c;59;4.13549101525352;u;g;no_cc;v;3.68934759280765;f;595;f;t;146899;1
b;68;1.21886093336948;y;g;cc;v;4.17072298500338;t;417;t;t;115598;0
b;34;1.8114934953468;u;p;cc;t;3.7023806597676;t;831;f;f;86467;1
a;22;6.81117853964983;u;g;no_cc;t;0.714251436504193;t;521;t;f;65896;0
d;46;1.81438347695627;u;p;no_cc;v;3.76713961128485;f;465;f;f;77062;0
d;21;5.2516338366706;y;p;cc;t;3.8446139105382;t;455;t;f;117266;0
d;27;7.09046261722433;y;g;no_cc;t;3.29270257835027;t;483;f;f;99762;0
c;34;1.06876923094744;y;p;cc;t;3.83057966397793;f;389;f;f;33861;0
d;27;5.67312219628904;y;g;cc;v;4.22960719838866;f;393;f;t;116837;1
c;34;2.56562783701364;y;g;cc;t;3.06802057118729;f;312;f;t;133779;1
d;37;9.6292687523758;y;p;cc;v;0.443023569848395;t;737;t;t;108302;0
d;41;4.83545646719925;y;g;cc;t;2.43813904833605;f;837;f;t;121710;1
d;22;8.05992549775158;y;p;cc;t;0.388246673358025;f;449;f;t;83928;0
a;51;5.50226542156262;u;g;cc;t;2.03771515516215;f;307;t;f;126643;1
a;23;0.434125328548192;u;g;no_cc;v;2.03553244562814;f;328;t;t;135720;1
d;19;6.33151375594022;y;g;no_cc;t;0.330049220701208;f;595;t;f;103231;1
d;30;9.51403342206657;y;g;no_cc;t;1.7441026698474;t;639;f;f;61347;0
b;60;6.01611820146331;u;p;no_cc;v;0.554990493956574;f;738;f;t;23121;1
c;60;8.1918885942679;y;g;no_cc;t;4.04117605004611;t;443;f;f;103793;0
a;65;8.84206463348408;y;p;no_cc;t;4.73844012982235;f;818;t;f;48164;0
a;28;2.28079771948932;y;p;cc;t;0.361582376289693;t;344;f;f;45491;0
c;68;2.12044839908227;u;p;no_cc;t;4.77557603645851;t;538;t;f;79222;0
a;64;6.10980988850992;y;g;no_cc;t;2.61288299668373;t;454;f;t;43165;0
b;40;4.11028469806705;y;p;cc;v;1.49782838976937;t;480;f;f;134250;0
a;33;8.3986130286672;u;p;cc;t;0.384310376380818;f;514;f;f;23748;0
c;48;9.00023123398011;y;g;no_cc;t;2.50312134035209;f;387;f;t;118581;0
c;28;3.53421379302718;y;g;no_cc;v;3.97257772245374;t;555;f;f;46553;0
a;33;2.36870558974482;u;p;cc;v;3.53543238633349;f;810;t;t;136547;1
c;25;7.80525515243862;y;p;no_cc;t;0.251130057319869;t;372;t;t;80380;0
d;21;2.74806035548136;y;p;cc;v;0.364509176839518;t;478;f;t;64331;0
b;57;8.22614318513679;y;p;no_cc;t;2.01436641316319;f;511;f;t;116033;0
c;21;4.23738253648763;u;p;cc;t;1.47645247023972;f;533;t;t;116844;1
c;42;6.6754989929147;y;g;no_cc;t;1.16192161528024;f;764;f;f;140617;1
d;20;0.955353138346682;u;g;no_cc;v;1.40502249454357;t;522;f;t;59560;0
c;49;6.23859324676573;y;g;cc;t;4.01741371648442;t;563;f;f;73865;0
c;20;4.51767678737229;y;p;no_cc;t;4.64614026815927;t;506;f;f;66686;0
a;44;5.86608463175474;y;p;no_cc;v;2.02551347263783;t;665;f;f;95910;1
d;46;1.68014207744863;y;g;no_cc;t;4.53055501066249;f;575;t;f;24675;0
d;49;7.36873744944182;y;p;no_cc;t;1.60747850623941;t;679;f;f;86706;0
c;67;8.62797077543229;u;g;no_cc;v;2.38218493171896;t;608;f;f;126985;0
b;68;2.16739800090776;u;g;no_cc;t;1.13014498908;f;567;f;t;129021;1
b;36;0.957145555201617;u;p;cc;t;3.20238021087922;t;363;t;t;144062;0
d;38;0.236385860463364;u;p;cc;v;4.89490557587405;t;649;t;f;147359;1
a;22;6.41971500443266;u;g;no_cc;t;3.01746548021689;f;793;f;t;97986;1
c;35;6.07094036088781;y;g;no_cc;t;1.78907042056774;t;822;t;t;96216;1
a;45;5.4669741271407;u;g;cc;t;3.23908722995264;f;397;f;t;30068;0
d;59;2.31947096115975;y;p;cc;v;0.614603392326938;t;370;f;t;74460;0
d;39;3.90905995905515;y;p;no_cc;v;4.44329540132699;t;663;t;f;120766;1
c;38;5.94476335186173;y;p;cc;t;2.51541975389918;f;575;t;t;66418;0
a;23;4.96766858859169;y;p;no_cc;v;2.24674871019821;f;349;t;t;46206;0
b;18;9.87785520214887;y;g;no_cc;t;2.9293239422676;t;657;f;f;148180;0
d;22;1.36439752556733;u;g;no_cc;t;3.12391931394701;f;784;t;f;20287;1
d;58;6.95144554047594;u;p;cc;t;0.358879031132565;t;383;f;f;42337;0
d;29;4.04318768104292;y;g;cc;t;3.41308610611701;t;595;f;f;40666;0
c;43;4.28199614925615;u;g;cc;v;1.20965840157765;f;535;t;t;136595;1
d;63;7.17597765658176;y;g;no_cc;t;3.56976316253295;t;355;f;t;21161;0
d;51;6.9243615132437;y;g;cc;v;4.11267397192098;f;659;f;f;134817;1
d;66;9.91255993702188;u;g;cc;v;4.0197925377626;t;409;t;f;141025;0
c;31;1.28394289454125;y;g;no_cc;v;2.76250483703945;t;491;f;f;120667;0
d;43;1.04109649384166;u;g;no_cc;v;2.60084946155376;f;392;t;f;110071;1
b;62;7.24338817128741;y;g;no_cc;t;0.714379806697059;t;359;f;t;118064;0
a;44;5.78386917006409;y;g;cc;v;3.87673075201568;t;338;t;f;58751;0
b;26;2.74160666559806;u;g;cc;t;1.35704690223357;f;839;t;f;102063;1
d;43;0.794193689889866;u;g;no_cc;v;2.48347711408973;f;348;t;t;126511;1
d;64;0.856582495964305;u;g;cc;t;1.42137046463758;f;719;f;t;109389;1
c;39;8.94190874664118;y;g;no_cc;v;0.669141814998466;t;312;f;f;34758;0
d;64;1.91867324718743;u;p;cc;t;3.14778848445868;t;335;f;f;85780;0
c;47;3.23371562115521;u;p;cc;t;0.271660174114519;f;400;t;f;135614;1
d;60;2.26656402226988;u;p;no_cc;v;3.743226170631;t;385;f;f;23178;0
a;65;3.54996305831937;u;g;cc;t;1.58793397630558;f;815;t;f;51831;1
d;34;0.694238427460934;u;g;cc;t;0.0006734650224266;f;522;f;t;22176;0
a;43;5.1905979090827;y;g;cc;t;2.55564569618615;t;637;f;f;123306;1
d;53;0.676125635922149;y;p;no_cc;v;0.234259542638016;f;465;t;t;53654;0
d;18;8.00356507822362;y;g;cc;v;1.3808477891045;t;682;f;f;143220;0
d;25;2.33712081910433;y;p;no_cc;v;3.53488243727858;f;675;t;t;46627;1
d;66;5.40011914604511;u;p;cc;t;0.313448108109329;t;770;t;f;72550;0
c;52;8.80079087561458;y;g;no_cc;t;4.19669246178001;t;330;f;f;132025;0
a;69;6.50877369047194;u;g;no_cc;t;0.0190996132929155;t;674;t;f;64910;0
c;32;5.32957786551335;u;p;no_cc;t;1.23411934600951;t;310;f;t;110417;0
c;64;3.24333753115376;y;g;cc;t;3.70452028076036;f;601;f;t;78251;1
b;39;3.33001913058198;u;p;no_cc;t;1.58135074864653;t;395;t;t;55422;0
d;31;6.6948695519819;u;p;cc;t;0.509461940330068;f;489;t;t;31984;0
a;43;9.94139361221168;u;g;no_cc;v;1.80116959400214;f;752;t;t;109312;1
a;45;6.61839189849379;y;g;no_cc;v;1.35196643192263;f;491;t;f;81386;1
d;40;5.57783417370025;u;g;cc;t;4.21355951080277;f;785;t;t;103291;1
c;31;7.30650510239246;u;g;cc;t;1.56673958792572;f;565;f;t;27135;0
c;41;4.65205612283718;y;g;cc;t;3.94466235888004;t;723;f;t;20320;0
a;19;0.601423426007852;u;p;no_cc;v;4.45936072405367;f;427;f;t;122958;1
d;62;5.6229681587791;y;p;cc;v;2.16908709788265;t;537;f;t;114171;0
c;43;9.5762528450538;y;g;cc;v;4.54971571927196;f;654;f;f;41684;0
d;31;1.7530294235766;u;p;no_cc;t;1.88659026981596;t;411;t;f;75913;0
c;68;6.90004890820666;u;p;cc;t;4.82039208245054;f;745;f;f;108774;1
c;24;2.00933688659056;y;g;cc;v;0.446447622627865;f;642;f;t;41889;1
b;20;5.35827684473081;y;g;no_cc;v;3.43509633251621;t;444;t;t;115849;0
a;64;0.966764496467196;y;g;cc;t;2.46907020228464;f;364;t;f;118071;1
c;40;4.50370936258185;u;p;no_cc;t;1.93824402727824;f;546;f;t;68899;0
c;63;7.56163328895246;y;g;no_cc;t;3.163559393743;t;789;f;f;144011;0
d;60;3.47571524238982;u;p;cc;v;3.51928545817166;f;738;t;t;30770;1
a;64;6.64911724487218;y;g;no_cc;t;0.0218163482515454;t;405;t;t;59321;0
b;62;7.95449960789729;y;g;no_cc;v;0.834765443735994;f;480;f;t;105962;0
c;35;9.27177819479453;y;g;cc;t;3.56523025317159;t;483;f;f;129863;0
d;55;2.34642081855454;u;g;cc;v;3.33192706789103;f;525;t;f;61777;0