A1,A2,A3,A4,A5,A6,A7,A8,A9,A10,A11,A12,A14,Class
a,56,5.326172664550231,y,g,no_cc,t,1.9965795790465406,t,835,f,f,135464,1
a,69,2.4247050363472966,y,g,cc,t,0.7620800666520872,f,822,t,t,112949,1
d,46,2.6924323094938094,u,p,cc,t,4.962417510791876,f,751,t,t,90744,1
d,32,3.7728416310462265,u,g,no_cc,v,4.635004839621477,t,730,t,f,53455,0
d,60,0.20071197777726368,y,p,no_cc,t,2.699785651402798,t,832,f,t,135217,1
d,25,3.220791655831783,u,g,cc,v,4.210166471882106,f,592,t,t,48018,0
d,38,2.1144800699654462,y,g,no_cc,t,2.604789886360211,f,400,t,t,74219,0
b,56,3.2749735217791462,y,g,no_cc,t,3.1179284400137988,t,801,f,t,65991,0
a,36,1.1976213181925122,u,p,cc,v,0.4456221605800831,f,603,t,f,93616,1
c,40,8.90527280739895,u,p,no_cc,v,3.7763521024840396,t,839,t,f,107438,0
b,28,5.935924535540487,y,p,cc,v,0.6385674181761741,t,654,t,t,136841,1
d,28,?,u,p,cc,t,,t,602,t,f,29486,0
c,41,7.891712386073383,y,p,cc,v,3.9101404383519296,t,795,t,t,58862,0
a,53,4.984421989290572,y,p,cc,v,3.5437234887148823,f,526,f,f,141662,1
c,57,0.8692028808742369,y,p,cc,v,0.18080190262381057,t,535,t,t,78870,0
b,41,5.371065418185478,y,g,no_cc,t,1.515641779726643,t,754,t,f,106694,1
b,20,5.868411180208791,u,p,cc,v,1.3155628495542144,f,312,f,t,125996,1
c,39,7.4543947418433,y,g,cc,v,1.8006820373575954,f,509,f,f,63856,0
c,19,4.316595462296794,y,p,no_cc,v,0.4382137338191927,t,696,f,f,121407,1
b,41,1.2758030279556376,y,g,cc,t,4.684789115155314,f,399,f,t,120744,1
b,61,2.8377590579872445,y,g,no_cc,t,2.7690112035618815,t,330,t,f,106055,0
d,47,3.630822963986351,y,g,no_cc,v,1.5276215532901176,t,827,f,f,51379,?
d,55,6.459172413316012,y,p,no_cc,v,1.984907585371417,f,628,t,f,84729,1
b,19,5.707783046689119,y,p,no_cc,v,2.236012702524178,t,465,f,t,48378,0
b,38,3.5609672589784624,u,g,no_cc,v,3.0029716668030866,f,758,t,t,125428,1
d,50,9.865152487929796,u,p,cc,v,2.578397138482489,t,399,f,f,74353,0
d,29,6.057748193568871,u,g,cc,t,4.596959866072087,t,472,t,t,69996,0
a,39,2.372267917359945,u,g,no_cc,v,2.484817414529151,t,461,t,f,34031,0
c,61,1.0178247262040374,y,g,no_cc,t,4.960790074116563,f,562,t,f,100072,1
b,42,1.5285913918433203,?,g,no_cc,v,4.257124788725479,f,573,t,t,85982,1
a,66,2.459577283845081,y,p,cc,v,1.042552571786679,t,302,t,t,56683,0
a,44,1.6068137325955567,u,g,cc,t,4.652976073219581,t,327,f,t,134091,0
d,59,1.8656702405130576,u,p,no_cc,v,0.5818319894273805,t,625,t,t,137797,1
d,45,2.850951686938471,y,p,cc,t,4.087248542455958,t,448,f,f,37618,0
a,33,1.7337359529475482,u,g,no_cc,t,1.9031164673829004,t,839,t,f,26587,0
b,32,8.967654246264251,y,p,no_cc,v,4.389871602225347,f,787,t,f,82790,1
b,64,0.8023374566164221,y,p,cc,t,4.340283450537251,f,737,f,t,51480,1
a,68,5.245113895702547,y,g,no_cc,v,4.029627000588106,f,364,t,t,118530,1
a,61,4.103968269896615,u,g,no_cc,v,3.950152181535307,t,655,f,?,40527,0
c,69,9.823786169086064,u,p,cc,t,1.523395695490204,f,832,t,f,43569,0
c,20,1.1203890216805235,y,p,no_cc,v,0.4045964152562609,t,551,f,t,31151,0
c,54,3.9785559904574166,y,g,cc,v,2.014900893825807,f,534,t,f,91094,1
a,68,9.69470433275369,y,g,cc,t,0.8676225749325434,f,526,t,f,79174,0
b,24,8.655071258939802,y,g,no_cc,v,3.4747554445123088,t,824,t,f,64739,0
a,38,8.1707207094928,u,g,cc,v,1.7304986326889278,t,612,t,f,52954,0
b,26,2.579028270449398,y,p,no_cc,v,4.878051004299574,f,348,t,f,132984,1
c,56,1.7088758739006582,u,g,cc,v,3.20486038672666,f,417,t,f,132863,1
c,35,6.68643219924431,u,p,no_cc,v,4.112402818171804,f,353,t,f,129373,1
a,21,9.293759891275858,y,p,no_cc,t,0.6626233637092421,t,343,f,f,55303,0
a,42,5.567628930139298,u,p,cc,v,4.310072411363112,t,352,t,t,54700,0
c,31,5.7161268946989985,y,p,cc,v,4.613785952566972,f,824,t,f,113036,1
c,67,2.7997909366028417,y,p,cc,v,2.4353095940946794,t,401,t,t,143728,0
c,26,7.694929331919369,y,g,cc,v,3.031264688754887,t,697,t,f,87568,0
c,43,1.8704374855752337,u,p,cc,t,3.8240490045149773,t,437,f,t,86788,0
d,19,3.2367923640424365,u,p,no_cc,t,0.8741931363020627,t,686,f,f,91045,1
c,37,4.254364386164168,u,g,no_cc,v,2.5128303823172122,t,410,f,f,57842,0
a,45,5.07610378684455,y,p,cc,v,1.9933151388615655,t,316,f,t,33900,0
a,64,2.4240973241508024,u,p,cc,t,0.7318699608112456,f,481,f,t,147992,1
c,24,1.1483682473920354,y,p,cc,v,1.8376721114576573,t,835,t,t,100059,1
d,61,6.1062004244163255,u,g,cc,v,0.34086154692746784,f,840,t,f,21881,1
a,25,2.8863055324025577,y,g,no_cc,v,0.12905953474743492,f,470,t,f,53037,0
c,64,5.812382214226123,y,p,no_cc,t,0.6758314457741138,t,708,t,f,21630,0
d,52,1.5436271527420231,y,g,no_cc,v,4.815575557945869,t,677,f,f,40789,0
a,31,4.811401018548175,y,p,cc,v,2.747647679475085,t,487,f,t,146083,0
b,34,5.325894325515859,y,g,no_cc,t,4.8291108057661,f,529,t,f,108059,1
d,53,0.5182353682242691,y,p,cc,t,2.16248939165066,f,418,f,f,103494,1
b,67,3.366042781939206,u,g,no_cc,t,1.5590806654262979,f,455,t,f,66151,0
b,57,1.3441467693897424,y,g,cc,v,2.5307093142012205,t,764,t,t,68920,0
b,21,0.6337497047276774,y,p,cc,v,2.1975584431645507,f,403,t,t,129388,1
b,19,9.899602323899453,u,g,cc,v,0.5283234213087196,t,801,f,f,87231,0
a,23,3.2235384497472297,y,p,no_cc,t,3.204131573451031,t,474,t,f,137946,0
c,59,8.09874445854635,u,p,cc,v,1.080190912547998,t,720,t,f,100357,0
b,21,2.5464065476376385,y,p,no_cc,v,3.0979397744891477,t,433,t,,23262,0
a,46,6.8150272222392925,u,p,no_cc,v,3.2510054619907667,f,690,f,f,86981,1
c,35,7.6022785988968655,u,g,cc,v,0.7601242656432405,t,800,t,t,140951,0
a,43,5.956387406078443,y,g,no_cc,t,0.3067481355533408,t,332,f,t,143099,0
b,61,4.715761885501584,u,p,cc,v,3.9038079303421993,t,354,f,f,101972,0
a,,4.118409141472686,u,p,no_cc,t,2.2990021188466008,f,818,f,f,95485,1
b,27,3.4886826654299528,u,g,no_cc,t,0.29081897752737895,f,311,f,f,74722,0
a,53,9.29529144247826,y,p,no_cc,t,4.9743315858488355,f,827,t,f,109499,1
b,31,8.306194077877292,y,p,no_cc,t,0.2889028049818332,t,672,f,f,70818,0
a,48,9.650269106665126,y,p,no_cc,t,3.475176144292766,f,783,t,f,49932,0
a,65,1.2429722348554473,u,g,cc,v,4.918394626317068,t,527,t,f,26901,0
b,32,7.308674752036443,y,g,cc,v,1.195900521079628,t,606,f,t,137473,0
d,25,9.383404568210379,y,g,cc,t,0.7112468434359809,t,756,f,f,119023,0
d,31,1.8123306616566015,y,p,cc,v,0.6069246971121445,t,459,t,f,28597,0
b,40,0.664962673667775,y,g,cc,t,1.5163757378379779,t,630,t,t,149631,1
c,57,7.4112064929005905,y,p,cc,t,0.5052290550532335,f,524,t,t,83909,0
c,38,5.744731131799119,y,g,cc,t,3.4608067084706597,t,803,t,t,92391,1
c,33,8.41828776758272,y,g,cc,v,0.31145899065031346,f,755,t,t,104214,1
b,62,1.397723766262895,u,g,no_cc,t,2.5471106407489486,t,344,t,f,28263,0
c,35,7.952673118598902,y,g,no_cc,v,4.983484269264884,t,513,f,f,83293,0
b,64,2.0162732004774453,y,g,cc,t,4.069851347530094,f,358,f,t,132824,1
c,41,1.636559428657045,y,p,cc,t,3.0760971911550543,f,494,f,f,144933,1
c,43,1.6426579793099294,y,g,no_cc,t,1.5312681039330585,f,788,f,f,45805,1
b,42,8.14574720231382,y,p,cc,t,3.1194791814581926,f,456,t,f,111679,0
d,62,6.651972206962001,y,g,cc,v,2.6352073195582584,f,525,f,f,31874,0
d,58,5.230654247691193,y,g,cc,v,2.130416919451857,f,711,t,t,113065,1
b,46,3.5883048412350247,u,p,cc,v,0.6535518837009974,f,504,f,f,106402,1
a,32,8.772005408131083,u,p,cc,v,4.433021076202333,t,378,f,f,34079,0
a,62,3.924451074226354,y,p,no_cc,t,2.2489232441066127,t,423,f,t,69850,0
b,18,8.16599439471577,y,g,no_cc,v,0.9731125591038253,f,770,t,f,92779,1
a,42,4.391349085702184,u,g,no_cc,t,1.838796754386448,t,517,t,t,115408,0
b,24,3.769444294249076,u,g,cc,v,2.0706487626446353,f,815,t,t,29018,1
d,26,4.626797856696064,u,g,cc,v,4.137689477834371,f,403,t,f,140606,1
b,41,3.0137787416414206,y,p,cc,v,3.6680719028070103,f,692,f,t,69500,1
d,18,7.476093801762511,y,p,no_cc,v,3.846524468206699,t,733,f,t,140062,0
a,61,5.027203900924792,y,g,no_cc,v,0.05515632214323607,f,630,f,t,32100,1
c,25,2.322126951468173,u,g,no_cc,v,2.0807699908988075,t,442,f,f,77021,0
a,41,8.995745732745684,y,g,no_cc,v,2.4067207581766183,t,839,f,t,134995,0
b,28,3.8389122137321143,u,g,no_cc,v,0.09596138411528343,t,577,t,f,39800,0
d,68,5.435528611139886,u,p,cc,v,1.299066043725171,t,532,f,f,148126,0
b,34,9.06472110964547,y,p,no_cc,t,3.801449115610675,f,828,f,t,83400,1
c,25,6.242379959139921,u,g,no_cc,v,0.6855485286449953,f,389,t,f,112446,1
a,52,1.1689804070836407,u,p,cc,t,2.6765506572629585,t,791,f,t,49437,0
a,52,9.398321236134752,u,p,cc,v,1.0760093600861875,f,498,f,t,123124,0
a,50,6.277080530714178,y,g,no_cc,v,0.060603873219466364,f,661,t,t,96537,1
b,22,3.3490561465708613,y,g,no_cc,t,1.2060072879977075,t,740,t,f,66675,0
c,59,1.3927207266338726,u,p,cc,v,4.879368774550269,f,325,t,t,39942,0
d,56,7.9402518927029595,u,p,no_cc,t,4.007685559414948,f,324,t,t,40862,0
d,58,6.200727559285135,u,p,no_cc,v,4.797883221605167,t,693,f,t,31669,0
a,45,5.334610919763215,y,g,cc,v,2.4392702196318123,t,806,t,f,141219,1
d,24,8.938925830509577,u,g,cc,t,0.5486809933875175,f,600,t,t,73772,0
d,26,7.885972112245307,y,p,no_cc,t,2.739797444868465,t,638,f,f,35916,0
b,25,1.5167487973275118,u,p,no_cc,t,2.2718866727998046,t,566,t,f,30878,0
a,29,3.1172206779554825,u,p,no_cc,t,4.22178541369808,f,760,t,t,22985,1
b,51,2.4848913981446574,y,p,cc,v,0.49041290392122294,f,755,f,t,117905,1
b,50,7.43946292572677,u,g,no_cc,v,2.441205685108891,f,659,t,t,93648,1
d,65,0.3353243473577938,u,p,cc,v,0.7502433234699213,f,367,f,t,61235,0
d,40,5.698896848713165,y,g,no_cc,t,1.6233796344502998,f,711,t,f,38931,1
c,41,7.624586857406905,y,p,cc,v,3.686785386938998,f,790,t,t,112876,1
d,54,8.767656367617494,y,p,no_cc,v,2.3800906468438328,f,348,f,t,20336,0
d,52,3.4208174871590744,y,p,no_cc,v,1.8794414257288468,t,401,t,t,62933,0
d,61,8.212573046720129,y,p,no_cc,t,1.9723813928501766,t,515,t,t,104899,0
a,57,1.1063173695520723,y,g,no_cc,t,2.297233842029933,f,737,t,t,65536,1
c,39,8.464522917345182,u,g,no_cc,t,3.9250827191852844,f,458,t,t,89504,0
d,44,1.2748866233198242,u,p,cc,t,4.460423444701172,t,788,f,t,119214,1
a,52,3.9728729056036727,u,g,no_cc,t,4.776673432519641,f,541,f,f,71148,0
b,18,7.972953657795536,u,p,no_cc,t,3.9345169312764754,t,304,t,f,133936,0
d,52,1.4991742734877378,u,g,cc,v,1.5770344787400636,t,660,f,f,36279,0
d,54,2.2925139523264146,u,p,cc,t,3.4406735304327105,f,758,f,f,88665,1
d,64,7.222525683930662,y,g,no_cc,v,2.1880156202769596,f,547,t,t,123751,0
a,31,7.200365365460744,y,g,no_cc,t,1.2733531102302558,f,721,f,f,124433,1
b,20,6.411476328852973,y,p,no_cc,v,4.204357897129613,f,314,t,t,91386,1
d,18,6.939484444671001,y,g,no_cc,t,0.19213174481162498,t,421,f,t,106124,0
c,22,5.427244433475962,u,g,cc,t,4.508809960677118,f,576,f,f,125750,1
d,43,2.5179905890695276,u,g,cc,t,2.307387323123671,f,752,t,f,97485,1
a,31,3.4569599350391944,u,p,cc,v,3.1860073840414023,t,689,f,f,94055,1
b,56,1.8159771680142567,u,p,cc,v,3.2967696110289135,t,593,t,f,111911,0
d,44,9.084505613336283,u,g,cc,v,4.475588703532682,t,745,f,t,118618,0
a,26,5.833917947661204,u,p,cc,v,3.183348410836037,f,509,t,f,97273,1
c,32,4.008514167636399,y,p,no_cc,t,3.069667923800309,f,601,f,f,86670,1
c,32,4.620058036441327,u,p,cc,v,0.3332602028034498,f,522,t,f,96474,1
c,43,9.472833396118153,u,g,no_cc,v,2.59204010972602,t,302,f,f,74028,0
b,59,1.533514031160802,y,g,cc,t,0.7508450040852083,f,817,t,f,110022,1
d,30,5.862298320167972,y,p,no_cc,v,3.687168843607428,f,392,f,t,133892,1
b,68,5.05888678884466,y,g,cc,t,2.5611096040633723,t,819,f,f,111632,1
a,49,6.1145423543464785,u,g,no_cc,v,3.4011388960417666,t,727,t,f,126651,1
b,56,0.18110183820840509,u,p,cc,t,0.20836450301192133,f,792,f,f,91128,1
d,66,8.721239089441514,u,p,no_cc,v,0.4239600802290161,f,?,f,f,38108,0
b,69,9.321182824836123,u,p,cc,v,3.5816169403134115,t,460,t,f,72495,0
b,49,5.65133183589209,u,g,no_cc,v,0.36042167999336683,f,630,f,t,102806,1
b,21,6.966508238768922,u,p,cc,v,0.356283638826293,f,632,f,t,113185,1
b,47,9.224993811772958,u,p,no_cc,v,0.06054237617443725,t,349,f,t,96533,0
a,54,7.072386343133986,y,p,cc,v,4.7825069914974,f,822,f,f,119025,1
c,40,1.5253904291426135,y,p,cc,v,3.687541797295035,f,791,t,t,76830,1
d,56,5.762883601668132,u,p,no_cc,v,1.7662570425103208,f,571,f,f,94640,1
d,62,6.067150463828559,y,p,no_cc,v,1.4826779064382762,t,551,t,t,72509,0
b,32,4.24130671302386,y,p,no_cc,v,1.7485161487292478,f,389,t,f,86406,1
b,60,7.3644423562472285,u,g,cc,v,3.8732676559059094,t,745,f,t,114220,0
a,46,9.343670147690148,u,p,no_cc,t,3.306853055352072,t,631,,f,59519,0
d,53,9.255685129067764,u,p,cc,t,0.9259778393373397,f,438,t,f,69649,0
d,30,4.508393714041321,y,p,no_cc,t,0.8705466766704217,t,656,t,t,54524,0
a,49,1.1323804584075525,u,g,no_cc,t,0.4919782485669866,f,573,f,f,116493,1
b,24,9.848411989623346,u,p,cc,v,3.301513598506691,t,318,t,f,53885,0
c,68,8.388980864459342,y,p,cc,t,3.8218633111086797,t,610,t,f,64369,0
a,39,1.2466268120326685,u,g,cc,t,1.3252321416250201,f,453,f,t,121132,1
b,45,9.208418826173723,u,p,no_cc,v,0.10472480515456406,f,689,t,f,115402,1
a,19,8.698963620621283,u,g,no_cc,v,0.41085833738213673,f,559,f,t,50676,0
c,59,5.188380571260721,u,p,no_cc,t,4.839300174225152,f,424,f,t,84093,1
d,62,5.912754357449293,u,p,no_cc,v,1.4772238873871013,t,653,t,f,67764,0
a,23,3.9900270387013026,u,p,no_cc,v,3.846115739190668,t,572,t,f,70799,0
d,45,0.5476163882203133,y,p,no_cc,t,3.1233178442713188,t,544,t,f,99414,0
c,45,3.3519724164590095,y,p,no_cc,v,1.9096981982644796,t,749,f,f,125296,1
a,61,8.028534485980114,u,g,cc,v,1.0284363109777757,t,546,t,f,113095,0
d,61,0.04632023004602859,u,p,no_cc,t,0.6069320907970321,t,819,t,t,132082,1
a,37,3.334991716911442,u,g,cc,t,3.075064840194333,f,440,f,t,92307,1
c,47,3.9816869359094333,u,g,no_cc,v,3.87316890318894,f,661,t,t,102062,1
b,28,5.373956029379229,u,p,no_cc,v,3.2195212677056535,f,307,t,t,115432,1
d,45,9.198556164127606,y,g,cc,v,2.6515106662457915,f,777,f,f,51923,0
d,42,3.4634599436596125,y,p,no_cc,v,0.20975611715818132,f,651,f,t,137449,1
a,56,3.469532018962277,u,g,cc,v,4.842443887971919,t,794,f,f,121739,1
b,50,7.3750124810974835,u,g,no_cc,t,3.9935709582728727,f,726,t,t,124926,1
c,18,4.522179408898071,u,g,no_cc,t,1.4641101835048236,f,338,f,t,98388,1
c,44,2.2460482293998196,y,g,no_cc,t,4.899851646794254,f,486,f,t,67574,0
b,69,4.524395161326934,y,p,cc,t,3.0094079481816105,f,392,f,f,63391,0
a,30,1.4085702037979986,u,g,no_cc,t,2.912113291036232,t,385,t,t,148691,0
c,58,1.763869865062233,y,g,no_cc,t,3.7403658971476608,t,343,t,t,141757,0
c,20,4.983677727394797,u,p,no_cc,v,4.058848940450687,t,436,t,f,73664,0
d,56,4.189254495045479,y,p,no_cc,v,3.2823930366575134,f,720,f,t,87384,1
a,23,9.148459010681,u,p,cc,v,0.6404787318310001,t,373,f,t,51027,0
a,25,3.623938991166331,u,p,no_cc,v,1.691337529972492,f,847,t,f,55464,1
c,44,5.805883502780435,u,g,no_cc,v,4.640418201630249,f,811,t,t,54485,1
d,26,6.322642879195303,y,p,no_cc,v,1.1230780592192597,f,455,t,f,148366,1
a,54,0.13094456588333636,y,g,cc,v,1.8608351191875667,f,554,f,f,39456,0
c,50,6.635373720167106,u,p,no_cc,t,2.16038441472098,t,470,t,f,94795,0
d,68,1.7803596686975143,y,g,no_cc,t,2.197024948472261,t,469,f,t,55554,0
d,59,9.610703174694551,y,g,cc,v,3.0646979124726275,t,621,t,t,66922,0
d,61,1.4866272775311296,y,p,cc,v,4.715379188723538,f,755,t,t,33409,1
d,41,4.146241237270237,y,g,cc,v,1.203463559162525,t,454,t,f,89327,0
d,32,0.8534966807864386,u,p,cc,t,0.6075068815045903,f,648,t,f,111400,1
c,49,9.968742518459473,y,g,no_cc,v,0.9873524492996866,t,750,t,t,56639,0
c,49,5.021950103312426,u,p,cc,v,4.434624501046348,t,472,t,t,120110,0
a,41,5.953850173200438,y,p,no_cc,v,3.2290540632760303,t,309,t,f,83627,0
b,58,0.6707647738842748,y,p,cc,v,1.4295339461958005,f,564,f,t,103424,1
a,69,7.499604703991778,u,g,cc,t,4.079734694843086,t,737,f,f,39692,0
b,66,2.0990559309558576,y,g,no_cc,v,4.30684998181718,t,546,f,f,109037,0
a,66,8.980542894407137,y,g,no_cc,t,4.232571693451391,f,845,t,t,98840,1
b,69,2.0513964048200717,u,g,no_cc,t,4.5946326681977725,t,798,t,f,74200,0
c,29,1.9068772066366657,u,g,cc,t,1.261205100866808,t,428,f,f,113063,0
c,56,0.3654966784809488,u,g,no_cc,v,3.7752096437313916,f,626,f,t,77415,1
a,19,4.720669451099992,u,p,cc,t,2.3026974863707,f,703,f,t,38074,1
a,20,5.648411332626164,u,p,no_cc,v,4.209992764450307,t,658,f,f,35549,0
b,66,0.6570863942835237,y,p,no_cc,v,3.642453385808066,t,316,f,f,49963,0
a,54,7.755276166950106,y,p,cc,t,3.882237232498623,t,573,f,f,111456,0
d,66,4.532888347480276,u,g,cc,t,3.2808091884053576,t,415,f,f,116362,0
b,34,5.243902693275801,u,g,no_cc,v,0.8871438473485344,f,390,t,f,121607,1
d,66,4.407627469382281,y,g,no_cc,t,2.7251345944846914,t,381,f,t,72265,0
b,19,4.00763060875326,u,p,no_cc,t,4.923348697622541,f,623,f,f,36061,1
b,19,5.596403313082179,y,p,cc,t,4.6869403324855945,f,413,t,t,78226,0
d,45,1.552402459307125,u,g,no_cc,v,0.21586867898505835,t,357,f,t,48810,0
b,40,1.8192813049527112,y,g,cc,v,0.8240740786471856,t,453,t,t,80006,0
b,54,8.617856210135173,y,g,cc,t,0.6586438672728095,f,703,t,t,142538,1
d,49,9.461154621336327,u,g,no_cc,t,3.6298995499264777,f,565,t,t,133502,0
b,50,3.7330931627975295,y,g,no_cc,v,4.088926649284725,t,614,t,t,42800,0
d,18,2.707446731435538,u,p,cc,t,1.0675568315533597,f,340,f,f,136192,1
c,36,6.439995432390157,y,p,cc,t,2.529263464759145,t,404,f,t,128959,0
d,19,4.087341710980964,y,g,cc,t,4.203515140056,f,492,f,t,145433,1
c,61,0.2538635566034486,y,g,cc,t,3.664007723831253,f,700,f,t,127228,1
a,43,1.5615259736619036,u,p,cc,v,2.7111860274592416,t,577,t,t,95476,0
c,49,7.159722288473976,u,g,no_cc,t,2.9517384522938643,t,653,f,f,89460,0
b,23,6.589239419101514,y,p,cc,t,2.5418027345814,t,555,t,t,77767,0
b,49,0.2709599250348349,y,p,cc,v,1.4877422565941028,t,398,f,t,48054,0
a,21,2.219721619329494,u,p,cc,t,2.8251099642950805,t,581,t,f,95319,0
c,28,2.310747965880714,y,p,cc,t,3.4444265102504534,f,702,f,f,122789,1
d,34,6.718927435987284,u,p,no_cc,t,4.366614579304039,t,408,t,t,,0
b,55,0.19710537754364155,u,p,cc,v,3.1814567698962404,t,498,f,f,33233,0
c,41,1.0410858198457384,u,p,no_cc,v,3.80560768521579,t,602,f,t,131205,1
b,22,7.999160853731894,y,g,no_cc,v,0.800358174772865,t,626,t,t,110020,0
d,69,1.7854466205433361,u,p,cc,t,2.3077873720989492,t,453,f,t,45068,0
b,51,6.527461078518747,u,p,no_cc,t,0.04665809913546648,t,704,f,t,85727,1
d,23,2.381827810467265,y,p,no_cc,t,1.233394322608115,t,761,f,t,110610,1
d,39,0.9944139275934516,y,g,cc,v,3.632308575565024,t,431,t,t,90453,0
d,28,2.4317219099945406,u,g,no_cc,v,4.9590497567468175,t,383,f,t,124135,0
c,65,7.2226693185565916,y,g,cc,v,0.49589049793607953,f,698,f,t,45832,0
d,33,8.556964681062858,u,g,cc,v,2.0074715793064413,t,408,t,t,128464,0
c,50,8.302198645669916,y,g,cc,t,4.000354843495797,t,520,f,f,106242,0
d,26,3.9718352961845484,u,p,no_cc,v,1.0201781731444943,t,667,t,t,33682,0
c,23,6.680851365706461,y,g,no_cc,t,2.7754247465114315,t,446,t,f,112298,0
a,33,2.0498429541582097,u,g,cc,t,3.665356480148374,t,411,f,f,43383,0
d,46,2.9314773026101326,u,g,no_cc,v,3.0799272513008953,t,793,t,t,78160,0
a,20,8.963358185211197,y,g,cc,v,0.9401236730770807,t,804,t,t,113332,0
c,37,0.13001923510736035,y,p,no_cc,t,1.776922843428697,t,774,t,f,43666,0
d,53,0.8550853085446808,y,p,no_cc,v,3.9189589224269863,t,570,t,t,78817,0
b,36,2.078862551460273,y,p,cc,v,2.7711325706600833,t,720,f,t,111198,1
a,43,0.26532203873819715,u,p,no_cc,t,0.026148067714563683,t,666,f,t,130695,1
b,20,1.8143543508979731,y,p,no_cc,t,3.8049538001404692,t,579,t,f,54642,0
a,36,5.830415609696922,u,g,no_cc,v,0.17655677470119535,f,582,f,t,61830,0
d,37,4.214245505924979,y,p,no_cc,v,3.728668913656161,t,339,f,t,123067,0
b,49,8.926717110769749,u,g,cc,t,1.012402800826187,f,488,t,t,30234,0
d,24,8.17443561738441,y,g,no_cc,t,4.790367400596901,f,463,f,t,77616,0
d,69,3.4181735169787597,u,g,cc,v,1.8397037565104224,f,835,t,t,29221,1
a,58,2.594234334312925,u,g,no_cc,t,1.6346580816903955,f,835,t,f,31410,1
c,50,3.7969240816726693,y,g,cc,v,0.7444402516622234,f,303,t,t,100055,1
b,57,5.902949425148077,y,p,no_cc,t,1.5280210774510743,f,589,f,f,81413,1
c,56,2.6806364082287626,u,g,cc,v,4.383253809141003,f,732,f,f,21051,1
c,35,6.24148907849134,y,g,cc,t,4.981671688136236,f,770,f,t,130529,1
c,57,4.0941165219124045,y,p,cc,t,1.8415476525342416,f,480,f,f,95301,1
b,18,5.520471808519803,y,p,cc,t,2.2430531547727126,f,547,t,f,96918,1
c,28,4.361265291353167,u,p,cc,v,3.6103546910136854,t,578,f,f,98116,0
a,45,2.9446575954191765,y,g,no_cc,t,4.430978902325372,f,553,f,f,142226,1
c,42,9.484533069621566,u,g,cc,t,2.9652216709339205,f,480,f,t,76563,0
b,67,7.636057941597608,u,g,cc,v,1.9576284908891468,t,808,t,f,117859,0
c,40,1.4011317576645255,y,p,cc,t,2.0631092042431187,t,625,f,t,64757,0
a,48,8.684679758979128,u,g,cc,t,3.478090732484034,f,656,f,?,146169,1
d,47,4.874311982495136,y,p,cc,t,0.016091318021393408,t,690,t,t,141008,1
d,59,8.945522268940914,y,p,cc,v,3.0979466872992036,t,384,t,f,97475,0
c,52,7.998552559473152,u,p,cc,v,1.777465052206787,f,616,f,f,71257,0
d,24,4.252135044692334,u,g,cc,v,3.9709866563854215,t,511,t,f,115500,0
b,33,0.22469308320117398,y,p,no_cc,v,0.4649531991156608,f,814,t,f,20307,1
b,43,2.686773593849461,u,p,no_cc,v,2.9410113347419524,f,683,t,t,76889,1
d,65,5.416342146608669,y,g,cc,v,2.404864449430619,f,641,t,f,88895,1
a,69,6.334782198261473,y,p,cc,t,3.211627629526137,t,337,t,t,115184,0
d,66,2.578876854332023,y,p,no_cc,v,0.32426797241484173,t,810,f,f,55944,0
c,19,1.3935607407282413,y,p,cc,t,2.899918937140656,f,719,f,t,119555,1
b,18,8.34930236799299,u,g,no_cc,v,2.8074229397976187,f,468,f,t,58134,0
d,65,9.84402180703552,y,p,cc,t,2.8033004720808545,f,642,f,t,47323,0
a,29,5.256901823026858,y,p,cc,v,?,t,605,f,t,136205,1
d,22,1.716792858483035,y,g,no_cc,v,3.382339686131811,f,841,t,f,91762,1
a,54,2.7230732651936895,u,p,cc,t,4.024944998403849,t,836,f,t,107225,1
d,49,0.18390676547466733,y,p,cc,t,1.3491036006410717,f,411,t,t,116507,1
a,26,9.14298806560499,y,g,cc,t,4.1252470509003105,t,710,f,f,45954,0
a,58,1.1775108289014113,y,p,cc,t,2.491278411317268,t,505,t,f,75021,0
c,52,5.765164755142536,u,p,cc,t,0.3852913956716558,t,484,t,f,109959,0
a,36,2.74055220687206,u,p,cc,t,0.292754646219896,t,681,t,t,115927,1
d,65,5.541780025157934,u,p,cc,v,1.6711915934803039,f,795,f,f,99866,1
a,33,6.514203883518642,u,p,cc,v,3.9244848855573378,f,678,f,f,90427,1
b,20,8.297418037072017,u,g,cc,t,3.5384046737045787,t,346,f,f,24992,0
b,37,2.064212717606032,y,g,cc,t,3.943074823362032,f,827,t,t,21961,1
b,41,0.10995828658480478,y,p,cc,v,2.586345282208047,f,803,f,f,32497,1
a,50,1.3688563006880727,u,p,no_cc,v,2.2009949897774526,f,321,f,f,137551,1
b,41,9.00018641848105,u,g,cc,t,0.7372626335314197,t,512,t,f,52551,0
c,69,8.738900775625153,u,p,cc,t,1.6409637680465576,f,609,t,f,96384,1
d,28,5.974131021703083,u,g,cc,t,2.1700968308693764,f,571,t,f,145374,1
c,66,6.005168604336534,u,p,cc,v,0.44300214839808616,f,501,t,t,75755,0
a,25,6.650366745462555,u,g,?,t,1.1030597635560562,t,331,t,t,33255,0
a,53,1.753712786234496,y,p,no_cc,v,2.991126470318694,t,742,f,t,24567,0
a,55,9.144119459249598,u,g,cc,v,3.678315571195949,f,461,f,f,68847,0
d,57,4.187705248920731,y,g,cc,v,4.991737556964749,f,553,t,f,124817,1
b,37,3.8313852824949746,u,g,no_cc,v,4.665566656717789,f,820,t,f,68003,1
c,52,5.189177052828375,y,g,no_cc,v,3.2128259976759574,f,779,t,t,40389,1
a,65,0.46965966775055046,u,g,cc,v,2.10624026647036,t,309,f,f,64523,0
a,42,1.662833687560794,u,g,cc,v,3.1808868235411634,t,804,t,t,143802,1
c,52,7.380336164263705,y,p,no_cc,t,3.92825809040116,t,735,f,t,81576,0
d,42,0.8279866792512647,u,p,cc,t,0.5916809546169366,f,410,t,t,147342,1
b,46,6.031521094663882,u,g,cc,t,2.049524448481441,f,452,t,f,63919,0
d,35,2.4534910968132095,y,g,no_cc,v,4.199011428178086,t,401,t,f,102103,0
c,63,3.8929561404197655,y,p,no_cc,v,1.91916475966522,t,490,f,t,142443,0
d,35,2.8869373677069987,u,p,cc,t,2.8593613561359326,t,380,t,f,23358,0
a,19,3.5567271646494913,y,g,no_cc,v,2.938846804310991,f,788,f,f,108535,1
d,52,7.1904590518424545,y,g,no_cc,v,0.9223812656681968,f,387,f,f,127894,0
a,33,2.9712171562317504,y,g,,t,1.811177208261442,t,493,t,f,141485,0
a,58,5.664046402968972,y,g,cc,v,1.6725564437096607,t,403,f,f,96524,0
a,53,4.760504021990997,y,g,no_cc,t,0.13098354266032397,f,395,t,f,143416,1
d,50,6.636711653626481,u,p,cc,v,0.12095881945677622,t,722,f,f,125982,1
b,21,9.36829739324758,y,p,no_cc,t,4.158485218378868,f,497,f,t,117057,0
b,50,7.325720972102503,y,p,cc,v,1.3653540498640622,t,300,f,f,25698,0
d,31,2.149403785907568,y,g,cc,v,2.5903938311940773,f,706,t,t,86809,1
c,38,0.3118313506128467,u,g,no_cc,v,1.4936278679438653,f,677,t,f,113079,1
d,65,2.622640442998251,y,p,no_cc,v,4.703396225576703,t,466,t,t,,0
c,37,5.9507793070025485,y,g,cc,t,1.2964837943288687,t,808,t,f,51349,0
a,25,0.5142581348425035,u,p,no_cc,v,2.1482840636946756,t,612,t,f,96777,1
d,24,4.963662472012364,u,g,cc,t,4.3636512524230096,t,717,f,t,70248,0
c,20,5.968428489168892,u,g,cc,v,4.209667833959044,t,776,t,t,95033,1
a,34,3.3424389081696084,y,p,no_cc,t,0.9305070892313866,f,372,t,t,127411,1
b,50,7.7091220374582194,y,g,cc,t,4.013216548978552,f,440,f,t,118239,0
b,65,1.065982531337718,u,p,cc,v,2.290934433689463,t,561,f,t,64041,0
b,29,0.7513778173580876,y,p,no_cc,t,2.414844360426776,f,639,t,f,51954,1
b,68,7.281887562036033,u,g,no_cc,t,0.6673998620797189,t,607,t,f,28002,0
a,39,4.954913162061985,u,g,cc,v,0.40300756878562327,f,544,f,f,89783,1
d,39,6.88402396427736,u,p,no_cc,t,3.639696534868826,t,814,f,f,127524,1
b,63,4.348273386037462,y,p,cc,t,2.482305761776499,t,636,f,t,107234,1
c,47,2.464020332391068,u,g,no_cc,t,2.1842535130758978,f,375,f,f,144857,1
c,55,8.191023176741997,u,p,cc,t,3.6475411432619835,f,474,f,f,39738,0
c,55,7.994158789689792,y,g,no_cc,v,3.8275644949555487,t,408,t,t,30703,0
a,62,6.946964708544268,y,p,cc,v,?,f,482,f,f,133776,1
c,68,2.7214513722996267,u,g,cc,v,3.0511257473882063,f,491,t,f,69422,0
d,25,5.902306668690871,y,g,no_cc,t,0.6767704113884276,t,364,t,t,103106,0
c,44,3.6097389694002677,u,p,cc,t,3.7568754301452283,t,773,t,f,81899,1
c,44,0.9158207332663415,u,g,cc,v,3.2847757813356977,f,399,f,t,32392,0
a,51,9.173135754622429,y,p,,t,4.78307310541729,t,843,f,f,64724,0
b,38,1.368186309189614,y,p,cc,v,0.3447900817821059,t,427,f,t,52299,0
c,47,9.502373538208024,u,g,cc,v,0.2852736057562716,t,751,?,t,35641,0
a,50,4.460057729579558,u,g,cc,v,1.4109353734660006,f,668,f,f,99534,1
c,45,1.8513292883861965,u,g,cc,v,1.3085284186795298,t,342,t,f,26305,0
d,64,5.419009473783581,y,p,cc,t,1.234893995359999,f,718,t,f,118262,1
a,50,8.729458358764083,y,p,cc,v,4.531272902605183,f,787,t,t,38782,0
c,22,7.322248864095612,y,g,cc,t,1.2477309992475305,f,377,t,t,98257,0
a,65,8.065611478614498,y,p,cc,v,1.359748630643155,t,569,f,f,125299,0
b,36,6.587833667107174,y,g,no_cc,v,3.7969913120898187,f,614,f,f,97963,1
d,21,6.922765645178525,u,p,no_cc,t,2.2486992122527,t,467,f,f,132086,0
d,52,8.491956515653193,y,p,cc,t,3.883552784775906,t,638,f,f,141987,0
a,66,2.4966800885918596,y,g,no_cc,v,0.3268307878219262,t,492,t,t,40566,0
c,34,4.894249636431405,u,p,no_cc,t,2.4378559683669216,t,752,f,t,144591,1
c,61,2.2120944181960223,y,g,no_cc,v,0.16806800091641316,t,582,f,f,87766,0
c,45,9.87668007996647,y,p,cc,t,0.3132660172767726,t,635,t,f,26511,0
d,47,9.440593396866133,u,g,cc,t,4.532187266722055,f,689,f,t,134816,1
d,46,0.394268113685059,u,p,cc,v,0.6962268555879758,f,824,f,t,127765,1
c,63,7.055751725156885,y,p,no_cc,v,2.6621034113760853,t,539,f,f,138360,0
b,23,9.252483174156659,y,p,no_cc,t,2.055478013003533,f,782,f,t,46177,0
b,52,1.8057534512733353,u,p,cc,v,1.7367166312942133,t,757,t,t,24765,0
c,58,5.679452305526294,y,g,cc,v,4.499166728436363,t,388,t,f,40354,0
a,54,9.154882975880419,u,p,cc,t,0.1091169838774475,f,394,f,t,43929,0
d,41,0.3394597858579884,y,g,no_cc,v,3.3189484308779456,f,751,f,t,48820,1
c,46,6.974202672468399,y,g,no_cc,v,4.816972171067752,f,727,f,t,131576,1
d,66,2.9734900737255074,u,p,no_cc,t,2.80084091730921,f,450,t,t,49523,0
b,63,9.243961953765304,u,p,no_cc,v,4.684112310165459,f,813,f,t,91088,1
c,48,9.710582451653679,y,g,cc,v,0.26128939643011884,t,675,t,f,86163,0
a,52,9.442664891134338,y,p,cc,v,2.093966595370807,t,321,t,t,97525,0
a,50,4.742142166574638,u,p,no_cc,t,1.3007889548102558,t,612,f,t,33780,0
b,69,8.620426509893134,u,p,no_cc,t,3.6541048249036487,f,818,f,t,26589,0
b,38,8.445493985350703,y,p,cc,t,4.906485452486233,t,505,t,f,54812,0
a,49,3.1910047324325563,u,p,no_cc,t,1.282650312221239,f,674,t,f,113664,1
b,40,8.289154741506774,u,p,no_cc,v,3.2708730073703722,f,750,f,t,65939,0
d,50,0.3700763471549262,y,p,cc,v,0.9904881637987006,t,478,t,t,71493,0
d,20,5.96269878482053,y,p,no_cc,t,2.8266512728580495,t,509,t,t,124188,0
b,35,2.3000883728770303,y,p,no_cc,v,2.319662433441681,f,799,f,t,113326,1
d,42,1.205668857772788,u,p,no_cc,t,4.860026648157685,f,763,f,f,60953,1
b,59,0.7695320162920916,u,g,cc,t,3.042636363482333,f,423,t,t,85785,1
c,48,6.962887758781397,y,p,no_cc,t,1.747531860434094,t,412,f,f,39309,0
d,20,3.3987496376806616,u,g,no_cc,t,0.5704789244396669,t,311,f,t,74195,0
b,57,7.247667715287615,u,g,no_cc,t,0.7562341436746728,t,425,f,f,135662,0
b,63,0.6535634079894237,u,g,cc,t,1.1265846497561753,f,630,t,t,45901,1
d,41,3.152903378306103,u,p,no_cc,t,1.25483330670149,t,582,f,f,43576,0
d,67,5.394912923753372,u,g,cc,v,4.253080289205689,f,439,t,t,51508,0
b,49,7.907231648389636,y,p,no_cc,v,2.8061139414126246,t,700,t,f,94711,0
b,64,3.187525029320699,u,p,cc,v,2.616954556871832,f,396,f,f,45464,0
d,39,6.2589137643700905,y,g,no_cc,t,0.5738443593460874,f,816,f,f,80281,1
c,40,8.85977748236187,y,p,cc,t,4.300698466747175,t,368,f,f,36260,0
a,19,6.158631881823045,u,p,cc,v,3.6140715160424186,f,417,t,t,144997,1
a,44,2.329594747536338,y,g,no_cc,t,0.3383418095000079,t,358,t,t,55440,0
b,59,0.2440078155653802,u,p,cc,v,3.539175486148843,f,332,t,t,115082,1
c,19,8.700988739009299,u,g,no_cc,v,2.7176910867132302,f,617,f,t,125583,1
b,43,0.21269410850387138,u,p,cc,t,0.4086267287338913,f,349,f,f,76683,0
b,34,8.747016726841995,u,p,no_cc,v,2.291503207643282,t,788,t,f,144206,0
a,57,5.28937134027212,u,p,cc,t,2.4234814356502348,t,318,t,t,61430,0
a,50,9.390676985128962,y,g,cc,v,0.8288727008163788,f,496,t,f,21987,0
b,26,7.987832357736654,u,g,no_cc,t,4.728490735001412,f,749,f,t,134778,1
d,60,9.979341105333376,u,p,cc,t,4.24987685740331,t,751,f,f,45105,0
d,65,3.5071181545171015,u,p,cc,v,3.3451116866455415,f,588,f,f,98484,1
c,56,7.671882889311269,y,p,no_cc,t,2.311477805003036,t,440,t,t,138747,0
a,46,4.019309136092422,y,g,cc,t,2.0588277079225428,t,383,t,t,33026,0
c,59,4.798756203039089,u,p,cc,t,3.2548673357547706,f,690,f,t,88309,1
d,43,6.275054632183701,u,g,no_cc,t,2.7271593470345272,f,514,f,t,65927,0
c,52,8.736771141863388,u,g,no_cc,t,0.3113655294094281,f,825,t,t,95414,1
a,67,9.840834691992951,y,p,no_cc,v,2.5625132438516585,f,514,t,f,77535,0
a,42,7.682734138645182,u,g,no_cc,v,4.032018086164197,f,702,f,t,62946,0
c,41,4.177667821673338,y,p,cc,v,2.29619938798479,t,427,f,t,146503,0
d,30,4.213570022770702,u,g,no_cc,v,0.25978288777134206,f,776,t,t,76561,1
a,24,7.375823015888915,u,p,no_cc,t,3.9313909969201655,t,703,f,t,30377,0
b,53,2.3877714576830233,u,p,cc,v,1.006818910679872,t,328,t,f,73592,0
c,62,1.1047411313139466,y,g,no_cc,v,1.2931041744401939,f,637,t,t,27347,1
a,37,3.546221576407765,y,p,no_cc,v,0.8235317671614795,f,660,t,f,53776,1
b,18,2.8723899165408175,y,p,cc,t,1.6510753243574876,t,691,t,f,23783,0
c,25,2.963081204559901,y,g,cc,t,3.783757528443175,f,517,t,?,75798,0
d,63,2.3360775104990994,y,g,no_cc,v,2.5969292975196865,f,501,t,t,24298,0
d,33,0.42093189636361883,y,p,cc,t,1.024406370753563,t,316,t,t,90204,0
c,31,0.1787393473341381,u,g,no_cc,v,4.3891503907602045,f,621,f,f,106207,1
d,29,9.877223897360315,u,g,no_cc,t,4.397909274757646,f,817,f,t,120356,1
b,68,4.277731337358624,u,g,cc,v,4.352892125230035,f,624,f,t,75161,1
d,40,3.8432664715968166,u,g,cc,t,1.1939810569076963,t,711,f,t,80652,1
d,32,6.796472826930699,u,p,cc,v,2.2561967209049403,f,617,t,f,54484,1
d,45,2.1825388786506417,u,p,no_cc,v,4.924948280704376,t,381,f,f,118614,0
a,51,9.499611839502254,y,g,no_cc,v,3.8600623815499517,f,773,t,f,149572,1
d,19,7.863450144155521,u,g,no_cc,v,0.1358371061277991,f,767,f,t,132695,1
c,49,0.8941100231225951,y,p,cc,t,0.32602295630246025,t,724,t,f,40922,0
c,40,4.175807757849284,y,g,no_cc,t,2.319656884061664,t,503,f,f,54028,0
a,39,8.791183075621646,u,g,cc,v,4.546101029307801,t,686,t,f,131461,0
a,68,9.447320222914103,y,p,cc,v,2.693508989763571,f,397,f,f,40316,0
b,42,4.674015112498697,u,p,cc,v,2.4890625401714512,t,644,f,f,96996,1
c,39,6.134113892107077,u,p,cc,t,0.5273684997831529,t,507,t,f,36968,0
d,39,1.6703394609207523,u,g,no_cc,t,3.2839005236214702,f,813,t,f,50266,1
c,66,9.911686261369766,u,p,cc,t,4.110515803001127,t,465,t,f,145679,0
c,69,2.3167170138344337,?,p,no_cc,v,1.9021000375378116,f,321,t,f,115745,1
a,59,9.427317741351256,y,g,cc,v,3.8780592546266375,f,453,f,f,44000,0
a,23,6.496466489923685,y,p,cc,v,4.8223832695040585,f,738,f,t,143239,1
c,32,6.077367948788591,y,g,cc,t,1.0188322956384455,f,594,f,t,34011,0
c,60,5.126885110165086,y,g,no_cc,v,2.6166481559737065,f,518,f,t,22866,0
d,54,2.3066981171775867,u,p,no_cc,t,1.4356897904228778,f,794,f,f,132669,1
b,50,1.7652803200550826,y,g,cc,t,3.9642720951691968,t,529,t,f,25898,0
a,25,2.2048620907017535,y,p,cc,t,2.8879668294057876,f,319,t,t,38395,0
a,61,1.8643826214425452,y,p,cc,v,3.1729120877515187,f,447,f,f,59019,0
a,61,7.795844735667533,u,g,cc,v,3.9895707980794706,f,407,t,t,123243,0
a,22,3.501252591667301,u,g,no_cc,t,1.9798523633122744,t,702,f,f,24006,0
a,56,0.5784267656339637,y,g,no_cc,t,4.575450342035216,f,782,f,f,54393,1
d,21,9.691026301408113,y,p,cc,v,2.6651443362307,t,666,f,t,30956,0
c,23,8.837858849634257,y,g,cc,v,0.78977411417674,f,713,f,f,70042,0
b,,9.27752283195213,y,p,no_cc,t,3.4794955908440124,t,608,f,t,116199,0
a,49,9.949078226464353,u,g,cc,v,3.9663067521912723,t,433,f,t,26078,0
c,69,1.738952492194873,y,g,no_cc,v,1.5838083853376332,f,582,t,t,49631,0
d,47,3.9624201890265875,y,g,no_cc,v,4.285896284993765,t,372,t,t,115676,0
a,64,7.582384757040913,y,p,cc,t,4.530716273828832,t,780,f,t,141724,0
b,52,6.960206180537922,u,p,cc,t,1.3845224368890445,t,651,f,t,82901,1
c,57,1.5389590633985506,y,p,cc,v,4.91760736357611,t,625,t,t,127227,1
b,69,8.158331249906178,u,g,no_cc,v,0.7035576402437921,t,742,t,t,89497,0
a,33,2.2444057183666066,y,g,no_cc,t,1.01007834201245,f,399,t,t,114813,1
c,30,2.2381761482262306,y,p,no_cc,t,0.9211241961901306,t,358,t,f,137192,0
d,67,5.3697442289341355,y,p,cc,t,4.469948550039352,f,807,t,t,61574,1
b,59,5.929399348417031,y,p,no_cc,v,3.271462761624809,f,557,t,t,138494,1
d,47,5.8008620783781115,u,g,no_cc,v,0.7605214161113644,f,712,t,f,51417,1
c,36,0.9148683739775487,u,p,no_cc,v,2.201617091841745,f,751,f,f,108020,1
c,34,8.774608626303804,u,g,cc,v,3.07649012534901,t,364,f,f,103639,0
b,36,2.6560004258870604,y,g,cc,v,0.41732042494691646,f,453,t,t,85006,1
d,45,1.2951492128280417,u,g,no_cc,v,4.412081842036693,f,565,f,t,114881,1
b,43,8.887480798689772,y,p,cc,t,4.018017677207676,f,378,f,f,131862,0
d,54,9.556514982297534,y,p,no_cc,t,2.526033867883191,t,614,t,t,59454,0
a,43,8.621276172654506,y,g,cc,v,4.835633076295852,t,547,f,t,21587,0
a,40,8.09516074724878,u,g,no_cc,t,2.0888048963754984,f,713,f,t,141688,1
d,26,6.552419806390217,y,p,cc,t,4.920551595182489,t,324,f,t,128107,0
a,29,5.5085737060913935,u,p,cc,v,3.339599994018135,t,583,,f,135584,0
c,18,0.8698675991141014,u,g,no_cc,v,3.173356366269707,t,748,t,f,74710,0
c,18,4.084532130706987,y,g,no_cc,t,0.829774476478925,f,600,f,f,143157,1
b,64,,u,g,no_cc,t,4.40963879152322,f,367,f,t,106567,1
d,51,2.5975378376032623,u,g,cc,t,2.1374484396030757,f,306,f,f,111748,1
b,49,7.234201136885849,y,g,no_cc,t,0.8111670289123968,t,436,t,t,95886,0
b,65,4.9587573507877085,u,p,no_cc,t,0.0630375998787952,t,463,f,f,38816,0
b,42,0.8104621590764793,u,g,cc,t,2.7987784181919126,t,382,f,f,105824,0
c,57,2.2018320194981134,u,g,no_cc,t,2.6369981106133817,t,719,t,f,49432,0
a,62,6.832587636595959,u,g,cc,t,3.596768111845793,f,372,t,t,129758,1
d,18,0.7613085949030018,y,g,cc,v,4.4512902650890105,t,536,f,t,68617,0
d,33,8.512069140487688,u,g,cc,v,0.3970329232151476,t,345,f,f,92373,0
b,56,4.951465270139743,y,p,cc,v,3.657482451701812,t,561,f,f,54217,0
b,22,4.80586577326648,u,g,no_cc,t,0.9370597204879111,f,475,t,t,40884,0
c,39,5.924077846595176,u,g,cc,t,4.290885265785819,t,465,f,f,25454,0
d,46,8.246809659251491,y,p,no_cc,v,4.09531756930828,f,669,t,t,94960,1
a,20,3.4780920790219305,y,g,no_cc,v,2.7039687749277217,f,353,t,f,122421,1
a,29,6.780161525590636,u,g,cc,v,3.5512139931165576,t,718,t,t,127173,1
c,43,5.657319639957911,y,p,cc,t,1.5717505659187418,t,806,f,t,63618,0
a,33,2.6702827016942132,u,p,cc,v,2.3558394946640733,f,640,f,t,103948,1
a,68,8.78629986355158,u,g,no_cc,t,4.108184488552358,t,426,t,f,82671,0
a,54,7.974260216069281,y,p,cc,v,2.2963259858660696,t,708,t,f,67111,0
b,39,6.584518346584255,y,p,cc,v,1.788991326627209,t,666,f,f,59613,0
b,46,8.505817290942419,u,g,no_cc,v,2.4710622362514996,t,570,f,f,105678,0
b,31,8.672942009598025,y,p,cc,t,4.141246262186092,f,678,t,t,140592,1
b,45,7.083629767150348,u,g,no_cc,v,1.6760402368543637,f,372,t,t,122928,0
a,22,8.37013328363672,u,p,no_cc,t,0.868807965678719,f,547,t,t,144917,0
b,64,6.974714616692836,y,p,no_cc,t,3.5600701016539036,t,342,t,f,79993,0
c,66,6.801407717603004,u,p,cc,v,4.129891063540409,f,676,t,t,148652,1
b,47,6.186113782151843,u,g,cc,t,0.5031873926176667,t,340,t,f,28848,0
c,63,7.527166395576412,u,g,cc,t,1.1993705637797236,f,469,t,t,134853,0
d,69,1.586051052930737,y,g,cc,v,0.7098599488049695,f,511,f,t,98672,1
d,22,8.808707591989284,u,p,no_cc,v,1.7397070579108331,,792,t,f,139279,1
a,29,8.71843527745232,y,g,no_cc,t,2.251754894527063,t,338,f,t,86125,0
b,33,0.29247283034559146,u,p,no_cc,t,3.7441316848165322,f,668,t,f,106444,1
d,43,8.258167505647627,y,p,no_cc,v,3.2557379244083706,t,450,f,f,137509,0
c,43,1.288698674734452,y,p,cc,t,3.1046428373921557,t,410,t,t,81602,0
b,65,3.351188542591419,y,p,cc,v,1.761874733048272,t,779,f,f,92045,1
c,38,7.435082562916078,y,g,no_cc,t,4.2072377654238,t,735,t,t,125997,0
c,56,1.607598960483082,u,g,no_cc,t,2.3564358369908227,t,346,t,t,62222,0
b,53,8.179670241190621,u,p,no_cc,v,4.8955246900757725,f,665,f,f,69223,0
c,50,8.32134177957742,y,p,no_cc,v,3.1707106914786842,t,368,t,f,130012,0
b,47,5.074677337608362,y,p,no_cc,t,0.6313237078225137,f,598,f,f,131246,1
c,54,0.0638587171683358,u,g,no_cc,v,3.3808878103771702,f,595,t,t,85333,1
b,40,2.870381331749128,y,p,no_cc,t,1.625520077158495,,502,f,f,72732,0
d,27,6.169269183757422,y,g,no_cc,v,3.4316359834304873,f,360,f,f,142650,1
d,22,9.811861780274235,y,p,cc,v,0.3482057408120287,f,613,f,t,69420,0
a,53,6.3181352701666835,u,g,no_cc,t,0.8744071858797969,t,460,f,t,95504,0
d,51,2.5980358106415977,u,g,cc,t,4.2786862945289315,f,630,f,t,22462,1
b,69,6.340057030996114,y,p,no_cc,v,1.1358977851175744,t,827,f,f,29460,0
d,48,5.3998537971585545,y,p,no_cc,t,4.1852056262147,f,637,f,t,119319,1
d,27,7.798453951511436,y,g,no_cc,v,1.396380442272052,t,603,f,t,145602,0
a,36,1.069806388269584,y,p,cc,t,3.214409550293538,f,802,f,t,29275,1
a,49,7.61027902502028,u,p,cc,v,3.4707528675491552,f,637,f,t,114213,1
d,18,5.412665786761103,y,g,cc,t,2.5632737657252647,f,849,t,t,33269,1
c,22,9.629920038589946,y,g,no_cc,v,1.5265533834836564,t,574,t,f,149593,0
d,62,3.418721660386861,y,g,no_cc,v,1.0632218818554806,t,463,f,f,142672,0
b,21,6.326218931339481,y,p,no_cc,v,0.1659467728121311,f,742,f,t,85942,1
a,33,9.320281055100175,y,g,cc,v,1.519732006203619,t,618,f,f,92920,0
b,41,1.0250972799067926,u,p,no_cc,v,3.265813952656415,t,803,t,f,140737,1
b,33,9.372284872364512,u,g,cc,v,4.691524092242413,t,686,t,t,42553,0
a,19,6.878857223008134,y,g,cc,t,4.35602241131526,f,793,t,f,44366,1
c,66,0.678370591051719,u,p,cc,v,3.830323882676513,t,789,t,t,64036,0
d,?,3.0096356694681625,y,g,cc,t,3.9422367162664935,t,372,t,f,37369,0
c,49,7.081720886452816,u,,cc,v,3.3249245173799764,t,808,t,t,31795,0
a,44,0.673506014687717,u,p,cc,t,1.301434287830015,t,689,f,f,90021,1
a,37,5.8217046017627325,y,g,cc,t,4.535975153529149,t,594,f,t,127205,0
c,41,3.4588305695295674,u,g,cc,v,3.3536615595291703,t,668,f,f,88154,1
d,29,6.209155177674771,y,g,cc,v,2.8022031549022,f,848,f,f,50143,1
d,67,0.4574203381251285,y,p,cc,v,0.5549473460674054,t,486,f,t,49425,0
b,52,8.715368061523762,u,g,no_cc,v,2.235277719032127,t,744,f,t,108209,0
c,50,9.734889691773969,y,g,cc,v,2.3017913560096313,t,662,f,t,95139,0
c,50,9.688778552856915,y,p,cc,v,4.3228180476133495,t,422,t,f,125232,0
c,68,7.496518317429247,y,p,cc,t,2.733241100938942,f,487,f,t,25368,0
c,60,1.3008624013063197,y,p,no_cc,v,1.9020027448520482,t,719,f,t,24621,0
c,54,7.582631959290226,u,p,no_cc,t,4.884001642553296,t,551,f,t,78829,0
b,29,0.2458691645880151,y,p,cc,t,0.5536029666315784,f,848,t,t,149036,1
c,20,0.22123551528997254,u,g,no_cc,v,2.112742141559723,f,634,f,t,80294,1
c,18,3.2361021914954122,u,p,no_cc,v,0.21012337585702645,t,391,f,t,34719,0
b,50,4.886431904046658,u,g,cc,v,3.6995206038346518,t,829,t,f,49227,0
c,57,7.704074178077932,y,p,cc,v,4.5903827609957535,f,362,f,t,129430,0
a,27,6.832953766065052,u,p,cc,t,1.4001866477524472,t,811,f,t,27566,0
b,60,4.459027063767484,y,p,no_cc,v,4.291708383995604,f,438,f,t,32306,0
c,61,2.736266662816659,u,p,no_cc,v,1.4610911523094887,f,484,f,f,73822,0
b,46,9.971245001577111,y,g,no_cc,v,4.553850808219576,f,504,f,t,44042,0
d,30,4.261813022359729,u,p,no_cc,v,3.7698095179839197,t,513,f,f,35086,0
d,29,4.513870243296755,u,p,cc,t,4.024533884207193,t,555,f,t,37387,0
c,48,1.6362382119166918,y,g,no_cc,v,0.0900327780022725,f,434,f,t,47042,0
,63,7.948095487499294,y,p,no_cc,t,4.81405178537013,t,387,f,f,109424,0
b,19,6.936822257814886,y,g,cc,v,3.633354960351616,f,506,f,t,71618,0
b,68,2.207696127887604,y,g,cc,t,1.5237554769306665,f,428,f,t,112050,1
b,67,0.823810456158427,u,g,cc,t,4.146973324294235,f,302,f,t,38323,0
c,52,6.804993020747131,y,g,cc,t,1.4076059920746498,t,420,t,f,38019,0
c,40,6.545112142811353,u,p,no_cc,v,4.363769197830639,f,684,t,t,95426,1
d,34,2.7325952699820935,u,g,cc,v,0.5629019520596851,f,337,t,f,60863,0
a,43,9.508635622504103,u,g,no_cc,t,3.518429887303979,t,640,f,f,140953,0
a,25,1.5105789178090023,u,g,no_cc,v,2.7034923832245514,t,320,f,t,131023,0
c,46,4.323348010426019,y,g,no_cc,v,0.48267235097720407,f,541,f,f,30283,0
d,43,9.436159201675988,y,p,no_cc,t,1.209469141294195,f,754,f,t,38279,0
d,27,4.197273169261223,u,g,cc,v,0.06202018138657395,t,602,f,f,66999,0
a,43,6.385259476640855,u,p,no_cc,t,2.343839827322529,t,368,f,f,82780,0
a,51,3.9759439796279428,u,g,no_cc,v,1.5063263038000019,t,428,t,t,42908,0
c,68,2.7421520234867005,u,p,cc,t,2.991787421488794,f,495,f,t,81584,1
b,58,9.839776479598282,u,g,cc,v,1.486189038543086,f,439,f,t,146278,0
a,24,4.09334006315043,y,g,cc,v,1.4995955575349234,t,743,t,t,133002,1
d,21,8.940992036791345,y,g,no_cc,t,3.715965993658017,t,582,f,t,70225,0
c,67,2.299546058910862,u,g,cc,v,0.24071417989176724,t,611,t,f,57952,0
a,62,2.131047040250833,y,p,no_cc,v,4.514474975959936,f,834,f,f,120706,1
a,28,0.3113408288451136,u,g,cc,t,4.261319371955907,f,576,t,t,57663,0
a,46,6.5166682537588505,u,g,cc,t,3.3390234161320325,t,360,f,f,142019,0
d,53,3.6852634372376114,u,g,cc,t,2.9661078505369214,t,618,f,f,129708,1
c,,8.64358249839637,u,g,cc,v,4.4615124906982615,t,351,f,f,81381,0
d,38,4.732099066915572,y,p,no_cc,t,0.9266508976435722,f,452,f,f,67929,0
d,53,9.681934279147217,u,g,cc,v,0.39484581095414306,f,610,t,f,29343,0
c,27,1.8552551570312115,u,g,cc,t,1.1975508495476905,f,843,f,f,96173,1
c,54,8.686231679556109,u,g,cc,v,3.9728913935009516,t,688,t,f,120260,0
d,26,7.765968527917417,y,p,cc,t,0.17335133363241662,t,847,t,t,59791,0
d,41,7.70921844644052,y,g,cc,v,2.914034175417448,t,476,t,f,49134,0
a,52,8.447832281168877,y,p,cc,t,4.977187580956549,f,661,t,t,132366,1
a,66,7.610239909429989,u,p,cc,v,4.278480469187697,t,613,f,t,67101,0
d,52,6.262203216314154,u,p,no_cc,t,2.607228445217947,f,396,f,t,89443,1
a,65,1.3124487768238757,u,g,no_cc,t,0.3182045464332117,f,512,t,t,119111,1
b,53,0.32526179491251916,y,g,cc,t,4.156867571928549,t,436,t,t,77530,0
c,35,9.208478478156868,u,g,no_cc,t,2.9948925408860525,f,305,f,,66799,0
a,66,6.166503145207381,u,p,cc,v,0.5746649852978342,f,408,t,t,24827,0
a,56,7.965372909761763,u,p,no_cc,v,0.469286424116781,f,846,t,f,116143,1
b,49,4.815223515125501,u,p,cc,v,4.548134097182962,f,338,t,t,82653,1
a,41,1.1730818896239448,u,p,cc,t,3.346001314690392,f,724,t,f,33699,1
a,40,1.2518579220255044,u,g,cc,v,4.146433996583777,t,560,t,f,122828,0
d,49,6.855652872289713,y,p,no_cc,t,4.394894501411336,f,725,f,f,133497,1
c,54,4.303058948994627,y,g,no_cc,v,2.858861760241611,f,386,t,t,111419,1
c,29,2.005247267003367,y,g,no_cc,v,2.5872317587752063,t,764,f,f,134527,1
d,66,4.915945467414369,u,p,cc,v,2.152137051604951,t,375,t,t,136972,?
b,30,0.6420893707513409,y,p,no_cc,v,1.5847329389555964,f,770,t,t,25313,1
b,40,5.819714019143988,u,g,cc,t,2.1729798042935586,t,713,f,t,33598,0
d,42,2.6899340443509767,y,p,cc,t,3.869398278650782,t,756,t,t,131362,1
a,52,7.975591006371881,u,p,no_cc,v,3.0096171550756576,f,584,f,t,135445,0
c,58,3.1036195892357377,y,p,cc,v,4.462616449774231,t,538,f,f,48807,0
a,47,4.552201490818012,y,p,no_cc,v,2.216900071895939,f,671,f,t,90423,1
d,34,0.11620539908100636,y,p,cc,v,3.03544789359377,t,794,f,f,89390,1
c,66,0.7244688779455888,u,g,no_cc,v,3.1565377654599436,f,344,f,f,65226,0
c,37,3.924935564066848,y,g,cc,t,2.9584858115316277,f,700,f,f,79550,1
a,65,4.799388347171235,y,p,cc,t,3.5131688654275814,f,546,t,t,100072,1
d,42,6.000205481193037,u,g,no_cc,v,1.1871673418740314,t,749,f,t,23558,0
a,39,2.9166257870930323,y,p,cc,t,2.561818887728953,t,784,t,t,95308,1
d,30,6.949818861265426,y,g,cc,v,0.5211240140417384,f,317,f,f,70113,0
c,36,8.601223971892045,u,p,cc,t,1.9225566382240626,t,588,t,t,72999,0
d,66,7.7985098889334985,u,p,no_cc,v,2.438335343106322,t,713,f,t,75878,0
c,53,0.39618825348357145,u,g,cc,v,3.2611212977273625,t,534,f,f,56343,0
d,29,4.805069472578289,u,p,no_cc,t,4.752655262931017,t,715,f,t,?,0
b,58,1.0493017841817487,u,p,no_cc,t,3.0032553327417792,t,798,t,f,55186,0
a,36,2.4204501586252745,u,g,cc,t,3.717969580882799,f,414,t,f,56966,0
d,29,9.866625932671464,y,g,cc,t,2.5313302974760137,f,533,t,f,53769,0
d,26,1.4249554290151323,u,g,no_cc,v,3.170520156881657,t,839,f,f,139932,1
c,24,4.988881534513561,y,p,no_cc,t,0.35466108066886715,f,310,f,f,146264,1
c,45,6.181557343181191,u,g,no_cc,t,1.271957904209235,f,505,t,t,125423,1
c,31,7.024649705441039,u,g,cc,t,1.8092654660256935,f,546,t,f,73218,0
c,48,5.5964868348691414,u,p,cc,v,2.362466775032568,f,426,t,f,39229,0
b,69,0.09770847419183659,y,p,no_cc,t,0.22824372751191868,f,446,f,t,95209,1
b,36,3.2646130824399187,y,g,no_cc,v,0.7001204877665884,t,417,t,t,47877,0
d,64,5.1771164338471145,u,p,no_cc,t,1.3840715389565288,t,681,t,t,78001,0
d,33,0.8786649914483335,u,p,no_cc,v,4.8576634545052535,t,711,f,t,117137,1
c,22,3.5062693120918076,u,p,no_cc,v,1.6567350355152537,f,662,t,t,58084,1
d,52,0.33203108791366565,u,g,cc,v,2.4102052905604125,t,808,f,t,101780,1
d,29,0.7857849715502074,u,g,no_cc,t,0.9804885636919647,f,436,t,f,112892,1
b,42,3.9692327620159604,u,p,no_cc,v,3.0539003553788415,f,474,t,f,36806,0
c,?,1.3271575404306035,u,g,cc,v,1.4034160775798714,f,588,t,t,108635,1
b,38,5.675408482615581,y,g,no_cc,t,1.0349628921921339,f,780,t,f,130177,1
c,53,6.894649691372657,u,g,no_cc,v,2.582863142229895,t,318,f,f,57034,0
b,40,8.005866991090828,u,g,cc,t,0.027528995802104106,f,494,f,t,60317,0
d,33,2.0015024424481007,u,g,cc,t,0.03832016324612664,t,629,f,t,75468,0
d,56,1.6748258225906976,y,g,no_cc,v,1.0953440455092889,f,474,f,f,39094,0
c,62,1.0456784033440025,y,g,cc,v,0.1836068125041057,f,748,t,f,77796,1
b,59,6.364302495436367,y,g,cc,v,0.5401287706534569,t,653,t,t,30589,0
b,56,7.064757264869011,u,g,cc,v,1.694303246693758,t,798,t,f,77221,0
c,31,0.3158614482564204,y,g,no_cc,v,4.012928397899064,f,440,t,t,144855,1
d,48,9.362122462436899,u,p,cc,v,2.860243216846504,t,392,f,f,21657,0
c,22,0.5197128365147241,u,g,cc,v,2.563338629782082,t,538,f,t,118300,0
a,52,5.412963353010705,y,p,no_cc,t,1.4674441160406082,t,504,f,f,137229,0
c,40,7.090605194509164,u,p,cc,v,4.658768597164082,f,732,t,t,59531,0
b,46,8.709691237460856,u,g,cc,v,1.9850752061859582,f,544,t,t,72227,0
a,60,7.140869321324278,u,p,no_cc,v,0.43546383397885746,,616,t,t,23164,0
c,28,8.017280830697919,u,p,cc,t,3.0853325805890064,f,594,f,t,113078,0
b,35,3.3945019254280604,y,p,no_cc,v,0.569191967383007,f,581,f,t,103973,1
d,64,8.148251137465122,y,g,no_cc,v,1.7261157140084604,f,,f,t,61247,0
a,29,0.8011484638467514,u,p,cc,v,2.537059693589044,t,370,f,f,124041,0
c,26,8.948166560605276,u,g,no_cc,t,?,t,568,f,t,39601,0
a,27,5.475923761537363,y,g,no_cc,v,2.467732901700593,t,624,t,t,113966,1
a,61,8.172977699624937,u,p,cc,v,3.5112938301583214,t,604,f,,70599,0
d,34,4.523182845183001,y,g,cc,t,4.964084194995352,t,750,f,t,91545,1
a,55,6.4357769519652495,u,g,cc,v,0.6574455994899081,t,306,f,f,135295,0
d,24,5.264026609361132,y,g,no_cc,t,1.3736576275975976,t,613,t,f,24552,0
c,63,7.315895217553319,u,g,no_cc,v,1.972880377988232,f,402,t,t,136452,0
b,30,0.8162998203058958,y,p,no_cc,v,2.109140892694157,t,492,f,t,29417,0
a,57,0.603520839905638,y,g,cc,t,2.0551053763277287,t,828,f,f,78579,0
b,59,2.4710323401014644,,g,cc,t,4.538055012782775,t,470,f,f,127525,0
d,26,1.5954468011318834,u,g,no_cc,v,3.570163222334282,f,836,f,f,88207,1
c,67,8.717835665922017,y,p,cc,t,3.039526070453519,t,550,t,f,92055,0
b,44,2.192139873580443,y,g,no_cc,t,1.5468635893139104,f,686,f,t,122266,1
d,19,9.758652558191313,u,p,cc,t,4.118951921106474,t,506,f,f,98270,0
a,22,3.3689579177110685,u,g,no_cc,v,4.775302557424944,t,840,f,f,131426,1
b,46,1.8211791568869928,u,g,cc,t,4.105991412751132,f,715,t,t,137865,1
c,54,7.896985071424791,y,g,no_cc,t,0.00782552595736452,f,679,t,f,23722,0
c,55,6.587077755008761,y,g,no_cc,v,3.182006850917035,t,443,t,t,90442,0
c,36,4.98195716453139,y,g,cc,v,0.2556769072105036,f,324,t,t,115632,1
a,25,5.553635509376313,u,g,no_cc,v,1.2880361016686093,f,372,f,f,60031,0
b,65,7.192017782722639,y,p,no_cc,v,0.29762350173885843,f,392,f,t,99235,0
d,62,2.2845474133129873,u,g,no_cc,v,3.0189772647469386,f,804,t,f,41438,1
b,18,9.963339160567418,u,p,no_cc,t,3.4329495674630337,t,635,t,f,78819,0
d,39,9.747931621467831,u,g,no_cc,v,0.5724381903295256,f,724,t,t,63856,0
d,69,6.503256863469369,y,g,cc,t,1.9191944152248974,t,798,t,t,53576,0
b,34,1.9954245092914513,y,p,cc,t,2.2811825447777103,t,663,f,t,61938,0
c,24,6.802282424312914,u,g,no_cc,t,1.845265108804583,t,498,t,f,69028,0
c,42,0.7219840897917584,y,p,cc,t,0.6051250024259652,f,712,t,f,79807,1
b,62,0.30652502205806065,u,g,no_cc,v,2.0947389509373773,t,638,f,t,69877,0
a,21,2.576828885112137,u,g,no_cc,t,3.7558902390420905,t,728,t,f,117783,1
a,53,4.626229567393163,y,p,no_cc,v,0.35503832266627733,t,438,f,t,63461,0
b,23,8.682725054083805,y,p,cc,v,0.40090007040951725,t,841,t,f,113474,0
a,48,7.271690697663081,u,p,cc,t,1.773856459179921,f,356,f,t,60469,0
d,36,7.42706521199981,y,p,cc,v,4.708628558094626,f,531,t,t,103136,0
a,61,4.2549333444807536,u,g,cc,v,3.3428632336145703,t,734,f,f,40435,0
b,56,3.4593499254696294,y,g,cc,t,3.393349783362824,t,683,t,t,104117,1
d,44,3.7103876298460268,y,p,cc,v,1.8095999541893248,t,493,t,f,34191,0
d,27,9.876495637360579,y,g,cc,t,2.9683039560426923,f,833,f,f,104726,1
b,43,0.4010919141248248,u,p,cc,t,0.05065592013871689,t,817,t,f,143658,1
c,36,8.670314961224486,y,g,no_cc,t,3.180480232047711,f,484,f,f,135660,0
b,56,5.786754085723934,y,p,no_cc,v,4.566434737881184,f,591,t,f,47386,0
c,20,4.386154191895905,u,g,cc,v,3.062867341724096,f,634,f,t,51721,1
d,62,7.252576604151365,u,p,no_cc,v,4.368492967331726,f,415,f,t,74786,0
c,30,4.866689414247029,u,g,cc,v,3.619865277330469,t,348,t,t,33704,0
c,67,8.734232380816605,u,g,no_cc,t,0.6027920820184512,f,381,f,f,76635,0
b,45,9.007018640112586,u,p,no_cc,t,4.512266536429209,f,632,f,t,22123,0
b,37,4.217209268734554,y,p,no_cc,t,0.3322192217788744,t,634,t,t,110710,1
c,45,2.768277972350516,u,g,cc,v,2.6698373627388188,t,831,t,t,129837,1
c,25,5.923503285933622,y,g,no_cc,t,0.7106856189672883,f,520,t,f,134912,1
d,58,9.12363345616691,y,p,no_cc,t,0.05853305365452033,t,622,t,t,82993,0
c,56,2.106621890056666,u,g,no_cc,t,2.110171300638195,t,302,t,f,132752,0
c,18,6.229665835634828,y,p,cc,v,1.4752035382707813,f,505,f,t,100122,1
a,20,6.3156022009252055,u,p,cc,v,2.430002468988015,t,339,t,t,117512,
d,30,7.33113022415281,y,p,no_cc,t,2.885999433672754,t,358,t,f,45416,0
a,45,1.315676851272598,u,p,no_cc,t,0.2186953615447368,t,806,t,t,21814,0
c,66,7.158249646820885,y,p,no_cc,t,0.6150164756187282,f,421,f,f,98537,0
a,42,9.09032520665641,y,p,no_cc,t,2.7932119822521266,f,778,t,f,70258,0
c,50,1.7968310887024197,y,p,no_cc,t,1.7158367658632911,t,395,f,t,36508,0
a,55,2.3754332492387764,y,p,cc,t,3.64586743774724,t,713,t,f,105166,1
b,23,9.713950940416396,y,g,no_cc,t,3.2614582429596983,f,534,f,t,98916,0
b,61,1.8097695270948977,u,g,cc,v,4.228021814949534,t,361,t,t,133710,0
b,62,8.543850933695792,u,g,no_cc,t,3.4624641333461263,t,555,f,t,,0
b,49,4.922778564480348,?,p,cc,t,2.149655386950741,f,647,t,t,66335,1
d,62,2.4723107440317706,y,p,cc,t,3.364833111972162,t,423,t,t,66806,0
b,64,8.707499012725114,y,p,no_cc,v,1.3769058712770925,f,781,t,f,97853,1
a,38,4.453052550026655,u,p,cc,t,1.5315674938910635,f,616,f,t,83768,1
b,33,5.148173539296902,y,p,cc,t,3.9449257996039666,f,803,f,f,55739,1
d,38,3.5923336939976567,u,p,no_cc,t,2.2320975820079108,f,347,f,f,54785,0
b,28,5.9295085143492745,u,p,no_cc,t,3.9919017025917625,t,708,t,f,51980,0
a,54,1.6352387258502277,y,p,cc,t,4.112111868341392,t,435,t,t,109335,0
d,53,3.910815366517607,u,g,cc,t,4.287811688306419,f,500,t,f,120719,1
c,52,9.694123223352875,y,g,cc,t,4.583176179206037,f,549,t,t,114702,0
d,36,2.5813343270112754,y,g,no_cc,v,2.154926102566481,t,613,f,f,105016,1
c,37,6.567366645412922,u,p,no_cc,v,1.594334091605694,f,667,f,f,21609,1
b,35,3.251900642246949,y,p,cc,t,2.910993732970569,t,728,f,t,86253,1
d,64,7.734731256866007,y,p,no_cc,v,1.855862117188138,f,779,f,t,105481,1
c,58,1.3087366071834983,u,g,cc,v,3.0053708340011647,f,613,f,f,111128,1
d,66,9.698210450785448,y,g,cc,t,3.527929313219123,t,799,t,f,48141,0
c,31,4.5378954138363925,u,p,no_cc,t,3.4420250924606846,t,654,t,f,50009,0
b,32,2.3605046334646396,y,p,no_cc,t,1.8727644351006068,t,784,t,f,147581,1
c,48,0.7349674733001266,u,p,cc,t,0.8343010084937641,f,510,f,f,130966,1
c,18,1.6975790508754074,u,g,cc,t,2.1526466923110377,t,343,f,t,26782,0
d,20,5.197739485560176,y,g,cc,t,0.7129707204095437,f,840,t,t,112072,1
a,33,3.3700317643128628,y,g,cc,t,4.450485175919042,t,391,f,t,119352,0
d,40,8.288833658826094,u,g,cc,t,1.729387303689287,f,564,f,t,45933,0
a,28,4.308875236618059,y,g,cc,v,0.7722987361166189,t,519,t,t,97154,0
b,29,2.487142725876299,u,p,cc,v,0.1272387995287544,f,741,f,f,28307,1
b,27,6.171449866040301,u,p,cc,v,3.2291119314324215,f,700,f,f,112207,1
b,49,7.067772168854458,u,g,cc,v,3.1845115872737164,f,699,t,f,126209,1
b,33,1.6704190790094986,y,p,cc,v,1.7030208329064584,t,789,f,f,128297,1
b,25,1.6761921628831766,u,p,no_cc,t,0.35855944423825503,f,784,f,f,95874,1
a,55,0.3667142693354297,y,g,cc,t,2.0481444744761603,f,769,t,f,58346,1
d,29,7.364020150656405,y,p,no_cc,t,1.5560874753169678,f,744,f,f,132138,1
a,41,6.638045276218051,u,g,no_cc,t,3.3856031986750468,f,568,f,f,70772,0
c,45,4.746308757498139,u,p,cc,v,3.028896247263452,t,566,f,f,92084,0
a,25,8.441704489691972,u,g,no_cc,t,1.8229686409877,t,353,f,f,60149,0
d,45,8.056701529500533,u,p,cc,t,1.0894627712749505,t,827,t,f,106700,0
a,53,5.853543643967521,u,g,cc,t,4.940179830777959,t,819,f,f,47526,0
c,43,8.682712805132587,y,g,cc,v,2.2700081059805743,t,358,t,f,116758,0
d,25,2.0584121003676827,y,p,no_cc,v,3.441371178901185,t,339,t,t,105712,0
c,67,1.1191961939772788,y,g,no_cc,v,0.7027648378918039,t,536,f,t,148447,0
d,45,2.697496115169896,y,p,no_cc,t,2.427948498296989,t,685,f,f,88477,1
b,45,0.5708685608931485,u,p,cc,t,0.13768359934732743,f,599,f,,25695,0
b,54,5.31169528001032,y,g,cc,v,2.5272755895522496,t,694,f,t,59169,0
d,58,9.366056922949614,y,g,cc,t,4.820087035588512,f,506,t,t,67947,0
c,53,0.39343540668509647,u,p,cc,v,1.9210335649290011,t,635,f,t,67224,0
b,44,1.221099140100268,y,p,no_cc,t,0.19498006287455794,t,813,f,f,65865,0
a,34,4.521990282834353,u,p,no_cc,v,0.15477895459671764,f,477,f,t,45553,0
b,26,9.33875017527905,y,p,cc,v,1.9399337997343475,t,695,f,t,124501,0
a,50,3.161561049767505,y,g,no_cc,t,0.8001246823159702,t,670,f,f,80410,1
b,37,5.072348086883924,u,p,no_cc,v,0.11676048164092956,f,617,f,t,123754,1
b,30,0.41572859050392097,y,p,cc,t,3.781068069750884,f,668,f,t,110895,1
d,45,1.4834320096208886,y,g,cc,v,2.2926150444094535,t,683,f,t,44816,0
a,65,9.86630122958847,u,g,no_cc,t,1.4462238598632726,t,361,f,t,75026,0
d,46,9.651186964360456,u,g,no_cc,t,4.500415915082404,f,804,f,t,70705,0
c,30,0.04939980934409616,u,g,no_cc,t,0.580694801002628,t,538,t,f,81922,0
b,63,9.51811785423239,y,g,cc,t,4.779594144776596,f,494,t,f,135700,0
b,52,6.391199378155004,y,p,cc,t,1.569833586886764,f,521,f,f,?,1
c,23,8.679182945200221,y,g,no_cc,t,4.442018361543406,f,360,f,t,21881,0
b,35,4.547398556338591,y,p,cc,t,3.0147143823973077,t,428,t,f,59567,0
b,68,5.155960285792503,y,p,cc,v,4.133536798707437,t,455,t,t,67365,0
d,22,4.888465802569202,y,g,cc,v,4.920065816052322,f,677,t,f,147928,1
d,64,6.668642575461043,u,p,no_cc,v,1.4420271890937286,t,736,t,f,99211,1
d,42,1.396512547563129,y,g,no_cc,t,4.805677427037965,t,506,t,f,90122,0
c,19,0.2997358987267795,y,p,no_cc,v,1.9474094745121018,f,687,t,f,45006,1
b,27,3.079299415911909,y,g,no_cc,v,1.9275595236846117,f,779,t,f,61198,1
d,47,7.0468076273664675,y,g,no_cc,t,1.7019355212725285,f,639,f,t,42831,0
b,67,2.0185345212294834,y,g,cc,v,2.707038036737926,f,639,f,f,120649,1
d,62,6.734324333249173,y,g,cc,t,0.7707252158924355,t,503,t,f,36459,0
d,22,9.699120461072704,u,g,cc,t,2.768557426790056,f,460,f,t,52443,0
b,50,0.9390071578941839,u,p,no_cc,v,2.70852406205002,f,839,f,f,62316,1
b,18,6.726021182251262,y,g,cc,v,3.80950906302435,t,691,t,t,116131,1
c,35,4.437502193045711,u,p,no_cc,t,4.168249809687928,f,833,t,t,84486,1
d,49,8.681422543775053,u,g,cc,t,2.2022067515621204,f,369,f,t,25877,0
d,64,1.771497894473859,y,p,no_cc,t,1.5116662467574686,t,704,t,f,59553,0
d,66,6.926259522261645,u,g,cc,t,1.2966744865854722,t,816,f,f,134137,1
b,28,8.381152896481103,u,p,cc,t,0.9731191835243597,f,419,t,t,24922,0
a,38,9.446142194740233,y,g,no_cc,t,0.2882379109951244,f,516,f,t,142778,0
a,43,6.832480282896459,u,g,no_cc,t,1.7122398941735666,f,355,t,t,137018,1
c,42,4.971747640084273,y,g,cc,t,1.3512384606539163,t,665,f,f,24686,0
c,39,6.178472402012138,y,g,no_cc,t,4.8320869293320365,f,803,t,f,52766,1
c,44,8.689049844787181,y,g,no_cc,v,2.7885441312502195,f,754,f,t,99943,1
a,66,5.706097466388297,y,g,cc,v,1.7363851951525378,t,403,f,t,52006,0
b,30,0.3038705969683686,u,g,no_cc,t,2.90233800496848,t,376,t,f,51422,0
c,50,9.309486955069778,y,g,cc,t,0.6959835067284775,t,529,t,f,136590,0
a,51,6.895267510315612,y,g,no_cc,t,2.2202187460110148,f,557,f,f,148886,1
b,58,6.765133857772465,y,g,cc,v,3.131171607105319,t,563,f,t,32205,0
b,52,2.1567515239771717,u,p,cc,t,2.444489158962257,t,630,f,f,106590,1
b,18,6.5888547023265716,u,g,no_cc,t,2.0088940032716214,f,481,f,f,43527,0
d,38,3.938644056541585,u,p,cc,v,4.969241944498491,f,849,t,f,131483,1
c,65,6.512329770414921,y,p,no_cc,t,4.401573810744635,t,326,f,f,38443,0
d,23,1.0659303030799072,u,g,cc,v,3.1170297907972007,t,575,f,t,36524,0
c,45,6.5784530460303605,u,p,no_cc,t,2.8468868059114136,t,598,t,t,136477,0
a,34,9.994137257706665,y,g,no_cc,t,3.1033023991229203,t,390,f,t,48202,0
a,22,0.4821203886055603,y,p,cc,v,1.0065605391121664,f,779,f,f,85552,1
b,48,9.771741842213173,y,p,cc,t,1.975688716321593,t,757,t,t,66142,0
a,22,4.069079607228706,u,g,no_cc,t,0.1972976644544966,f,750,t,f,81692,1
d,55,8.707534503372592,u,p,no_cc,t,2.3777301874341332,f,664,f,t,102384,1
d,20,7.823854840582735,y,p,cc,t,2.7151229197883158,t,650,t,f,40855,0
b,40,5.6701626098666775,u,p,no_cc,t,1.138748680516048,f,699,t,f,103747,1
a,54,7.384492092513265,u,g,no_cc,v,4.820144235827569,t,552,t,f,80372,0
d,54,8.78515561301348,u,p,no_cc,v,4.54727305468621,f,758,f,f,45095,0
c,27,4.0414032165103295,u,g,no_cc,t,3.6107161772795293,f,798,f,t,58724,1
d,27,3.270331615632387,u,p,cc,v,2.666933143826813,t,807,f,t,69241,0
a,36,6.675933855635847,u,g,cc,t,4.349845798238425,t,603,t,f,123119,1
d,34,8.078459419412585,u,g,cc,t,0.6532617191173146,f,800,t,t,72003,0
b,38,7.622851347766158,u,g,cc,v,3.952548971374425,f,465,f,t,88379,0
d,31,7.978136488586345,y,g,cc,t,0.6241040698342415,f,714,f,f,114837,1
c,26,4.35583314812933,u,g,no_cc,t,3.971053312747027,f,761,f,t,111996,1
a,63,8.178342161750216,y,g,no_cc,t,1.3788378412567848,f,413,t,t,117454,0
b,18,1.2020905537060844,y,g,cc,t,4.385452905090944,t,732,t,f,114283,1
b,68,5.444890979608496,u,g,no_cc,t,4.7202104691269895,t,655,t,t,35972,0
a,62,0.057586604981215705,u,p,cc,t,0.7439798470255782,f,506,t,t,143805,1
d,30,3.2458582990027027,u,g,cc,v,2.3133780253269673,f,534,t,f,113846,1
c,21,3.664615348713979,u,p,no_cc,t,4.904936890813426,f,741,t,t,42927,1
c,18,3.961726916092554,u,p,cc,t,2.417037179865733,f,654,f,t,140589,1
c,66,6.954672066898622,y,p,no_cc,t,4.317737612572726,f,814,f,f,135657,1
c,57,3.885581012703457,u,g,no_cc,v,2.943657610656599,t,507,f,f,86630,0
d,49,4.486936226225307,y,g,cc,v,1.8766495395980094,t,424,t,f,124428,0
a,51,2.375441308743275,y,p,cc,t,1.428917777629351,t,437,t,t,142035,0
b,45,3.732517916293401,u,g,cc,v,1.0161154554304364,t,638,f,t,72347,0
d,48,2.2726962726315145,u,g,no_cc,v,3.8089909568884863,f,836,f,t,119708,1
a,25,0.7319592376844364,u,p,no_cc,t,1.9327025341151394,,367,t,f,146244,0
a,56,6.034485933813779,y,g,cc,v,2.5563773110037555,f,840,f,f,108860,1
d,43,6.682127985550163,y,g,cc,t,2.4616274000059097,t,682,t,f,106210,1
b,51,6.194903460096145,u,g,no_cc,v,2.8863951461656563,f,318,t,t,89518,1
c,20,4.6349404380057235,u,g,cc,v,4.327885728122761,f,749,t,f,65283,1
b,67,3.797857801792298,y,p,cc,v,4.903696717917147,f,373,t,t,101326,1
d,29,8.633336495718252,u,g,cc,v,2.0379210428690846,t,575,t,t,32205,0
d,18,5.190817851362181,u,p,no_cc,v,4.137594610531515,f,347,t,f,140243,1
b,61,4.79181877629731,u,p,no_cc,v,3.8226389732735884,t,510,t,f,109874,0
c,22,0.2564206580643569,y,p,no_cc,v,2.8676447572778665,t,839,t,f,32748,0
c,47,3.4124782762615635,u,p,cc,v,4.780235718059665,t,490,f,f,41097,0
d,,3.8019561878585706,y,p,no_cc,v,1.002372577642014,t,614,f,f,23092,0
c,34,3.988227808969005,u,p,cc,t,0.5463210515481071,f,412,f,t,73311,0
d,65,5.801723692273323,y,p,cc,v,?,t,469,f,f,42692,0
d,64,5.336025467268785,y,p,no_cc,t,2.1957490831687414,f,767,t,t,144954,1
d,40,6.079050927934446,u,p,no_cc,t,4.2348442710353025,t,313,f,f,43862,0
b,32,7.6488326154212825,y,p,cc,v,4.4654510259770746,f,587,f,t,110396,0
d,54,8.129857387160936,u,g,cc,t,0.3122879680953572,f,488,f,f,99507,0
b,38,7.181230762264944,y,p,cc,v,4.417323814930303,f,454,f,t,100152,0
d,31,9.555236959549347,u,p,cc,t,2.241595276847111,t,770,f,f,90469,0
c,19,0.1823258267636163,y,p,no_cc,t,2.5521624450211613,t,374,t,f,24926,0
c,28,1.957779856835461,u,p,cc,t,3.132962555466051,t,576,t,f,111299,0
c,68,0.0756287497814212,y,g,no_cc,v,4.6319130336504335,t,642,t,f,23969,0
d,56,6.47474714154603,y,p,,v,0.09558047214882015,f,724,t,t,55733,1
c,55,8.98030548949987,y,g,cc,t,2.3842173415890855,f,810,f,t,89855,1
d,51,2.4348229657629927,y,p,cc,t,3.4386102121528035,f,481,f,t,61743,0
d,55,9.270345447963066,y,g,no_cc,v,3.613534788491142,t,757,f,f,59876,0
b,67,0.6026739028956085,y,g,cc,t,3.46266215768554,t,363,t,t,127445,0
d,51,9.344360268055143,y,g,no_cc,t,0.6721756470406093,t,559,t,t,40323,0
d,35,3.516226872396344,y,g,cc,v,1.4969779418584062,t,492,f,t,36428,0
d,47,1.0142082844921652,y,p,no_cc,t,1.7935776270850674,t,705,f,t,54578,0
b,32,4.858717591863257,y,p,cc,v,4.022186038397525,f,392,t,t,106486,1
d,44,2.567765677205079,y,g,no_cc,v,1.3937993620727651,f,729,t,f,128577,1
b,68,2.8487290196192285,u,g,no_cc,t,1.0535248193360158,f,733,f,t,84140,1
b,51,3.0728996492628657,u,p,no_cc,t,4.787240095190481,t,703,t,f,146378,1
d,69,8.030258978326634,u,g,cc,t,0.0443164255673445,f,733,f,f,127325,1
d,55,5.391612766752544,y,g,cc,v,4.989104278409891,f,411,f,t,103829,1
d,50,3.1130769915600363,u,g,no_cc,t,3.384106494286978,f,674,f,f,26364,1
a,41,6.103337833109183,y,p,cc,v,4.142346497245585,t,358,f,t,148867,0
b,32,7.161506742231936,y,p,no_cc,v,1.4730969817309658,t,342,t,f,55349,0
d,47,2.7262400073353374,u,g,no_cc,t,0.07157638833529989,t,506,t,t,20691,0
a,59,4.135491015253515,y,p,no_cc,v,3.6893475928076502,f,595,f,f,146899,1
b,68,1.2188609333694755,u,g,no_cc,v,4.170722985003379,f,417,f,t,115598,1
b,34,1.8114934953468032,y,g,cc,v,3.702380659767596,t,831,t,t,86467,1
c,22,6.811178539649828,y,p,no_cc,v,0.714251436504193,t,521,f,t,65896,0
d,46,1.8143834769562694,y,p,cc,v,3.767139611284845,f,465,f,f,77062,0
a,21,5.251633836670601,y,g,no_cc,t,3.8446139105382047,t,455,t,t,117266,0
b,27,7.090462617224327,u,g,cc,v,3.2927025783502746,f,483,t,f,99762,0
b,34,1.0687692309474384,y,p,no_cc,v,3.830579663977931,f,389,f,f,33861,0
b,27,5.673122196289036,u,p,cc,t,4.229607198388661,f,393,f,t,116837,1
d,34,2.5656278370136376,y,g,no_cc,t,3.068020571187292,f,312,f,f,133779,1
b,37,9.629268752375799,u,p,no_cc,v,0.4430235698483953,f,737,t,f,108302,1
a,41,4.835456467199247,u,g,cc,t,2.4381390483360543,f,837,t,t,121710,1
d,22,8.059925497751582,u,g,cc,v,0.3882466733580253,t,449,t,f,83928,0
b,51,5.502265421562617,y,p,cc,t,2.037715155162154,t,307,t,f,126643,0
a,23,0.43412532854819164,y,p,no_cc,v,2.0355324456281383,f,328,t,f,135720,1
a,19,6.3315137559402235,y,p,cc,v,0.3300492207012079,t,595,t,f,103231,0
d,30,9.51403342206657,y,g,no_cc,v,1.7441026698473965,t,639,t,f,61347,0
a,60,6.016118201463312,y,p,no_cc,v,0.5549904939565742,f,738,f,f,23121,1
d,60,8.191888594267901,u,p,cc,v,4.0411760500461105,f,?,f,f,103793,0
b,65,8.842064633484078,u,p,no_cc,t,4.7384401298223535,t,818,t,f,48164,0
c,28,2.2807977194893247,u,p,no_cc,t,0.36158237628969303,t,344,t,f,45491,0
a,68,2.1204483990822665,u,g,cc,v,4.775576036458507,t,538,t,f,79222,0
c,64,6.1098098885099175,u,p,cc,v,2.6128829966837257,f,454,t,t,43165,0
d,40,4.110284698067047,y,p,cc,t,1.4978283897693694,t,480,t,t,134250,0
c,,8.398613028667203,y,g,no_cc,v,0.38431037638081755,t,514,t,t,23748,0
b,48,9.000231233980111,y,g,no_cc,v,2.503121340352089,t,387,f,t,118581,0
b,28,3.534213793027181,u,g,cc,v,3.9725777224537433,t,555,f,f,46553,0
a,33,2.3687055897448204,y,g,cc,v,3.5354323863334907,f,810,f,f,136547,1
c,25,7.805255152438618,y,g,no_cc,t,0.2511300573198688,t,372,f,f,80380,0
b,21,2.748060355481361,u,g,no_cc,v,0.36450917683951756,f,478,f,f,64331,0
b,57,8.226143185136785,u,p,cc,t,2.0143664131631853,f,511,f,f,116033,0
c,21,4.237382536487628,u,g,cc,t,1.4764524702397164,t,533,t,t,116844,0
c,42,6.675498992914704,y,p,no_cc,v,1.1619216152802392,f,764,t,f,140617,1
b,20,0.9553531383466818,y,g,no_cc,v,1.405022494543568,t,522,f,f,59560,0
d,49,6.23859324676573,u,p,cc,v,4.017413716484423,f,563,t,t,73865,0
b,20,4.517676787372292,y,g,no_cc,v,4.64614026815927,t,506,f,t,66686,0
a,44,5.866084631754741,u,p,no_cc,t,2.025513472637832,t,665,t,f,95910,1
a,46,1.6801420774486342,u,p,no_cc,v,4.530555010662486,t,575,f,t,24675,0
c,49,7.368737449441821,y,p,cc,v,1.60747850623941,f,679,f,f,86706,1
a,67,8.627970775432285,y,p,cc,t,2.382184931718958,f,608,f,f,126985,1
a,68,2.1673980009077565,y,g,cc,t,1.1301449890799986,t,567,f,t,129021,0
c,36,0.9571455552016173,y,p,no_cc,v,3.2023802108792196,t,363,f,t,144062,0
b,38,0.23638586046336396,y,g,no_cc,t,4.894905575874045,t,649,t,f,147359,1
c,22,6.4197150044326605,u,g,no_cc,t,3.0174654802168934,t,793,t,t,97986,1
a,35,6.070940360887808,y,p,no_cc,v,1.7890704205677443,t,822,f,t,96216,1
a,45,5.4669741271407,u,p,cc,t,3.239087229952642,f,397,t,t,30068,0
a,59,2.3194709611597544,y,g,cc,v,0.6146033923269378,f,370,f,t,74460,0
d,39,3.9090599590551465,u,p,cc,t,4.443295401326993,t,663,t,f,120766,1
b,38,5.944763351861731,u,g,cc,t,2.515419753899182,f,575,f,f,66418,0
a,23,4.967668588591694,u,p,no_cc,v,2.24674871019821,f,349,t,f,46206,0
d,18,9.877855202148872,y,p,no_cc,v,2.929323942267596,t,657,t,f,148180,0
b,22,1.3643975255673313,y,g,no_cc,v,3.1239193139470123,t,784,f,f,20287,0
b,58,6.951445540475937,y,p,cc,v,0.35887903113256514,f,383,t,t,42337,0
b,29,4.043187681042921,u,g,no_cc,v,3.413086106117012,f,595,t,t,40666,0
c,43,4.281996149256147,u,g,cc,t,1.209658401577648,f,535,t,t,136595,1
d,63,7.175977656581763,u,p,no_cc,t,3.569763162532949,t,355,f,f,21161,0
d,51,6.924361513243697,y,g,no_cc,v,4.112673971920984,t,659,f,t,134817,1
d,66,9.912559937021882,u,p,cc,t,4.019792537762601,t,409,t,t,141025,0
c,31,1.2839428945412523,y,g,no_cc,v,2.7625048370394456,t,491,t,f,120667,0
c,43,1.0410964938416634,u,p,no_cc,t,2.600849461553756,f,392,f,t,110071,1
b,62,7.243388171287411,y,g,no_cc,v,0.7143798066970586,f,359,f,t,118064,0
b,44,5.783869170064091,y,g,cc,t,3.876730752015678,t,338,t,f,58751,0
a,26,2.7416066655980584,u,g,cc,v,1.3570469022335718,f,839,f,t,102063,1
?,43,0.794193689889866,u,g,cc,t,2.483477114089733,f,348,f,f,126511,1
a,64,0.8565824959643054,u,g,no_cc,t,1.4213704646375835,t,719,f,t,109389,1
b,39,8.941908746641182,u,p,cc,t,0.6691418149984657,f,312,f,t,34758,0
b,64,1.918673247187429,y,p,cc,t,3.1477884844586828,t,335,f,t,85780,0
c,47,3.2337156211552074,u,g,cc,v,0.27166017411451915,f,400,f,f,135614,1
c,60,2.26656402226988,u,g,cc,v,3.743226170631,f,385,f,f,23178,0
d,65,3.5499630583193733,u,g,no_cc,v,1.5879339763055833,f,815,t,f,51831,1
c,34,0.6942384274609337,u,p,cc,t,0.0006734650224266003,f,522,f,f,22176,0
c,43,5.190597909082704,u,g,no_cc,v,2.555645696186149,t,637,f,f,123306,1
c,53,0.676125635922149,u,g,no_cc,t,0.23425954263801563,f,465,t,f,53654,0
c,18,8.003565078223616,u,p,cc,v,1.3808477891044975,f,682,f,t,143220,1
b,25,2.3371208191043302,y,p,no_cc,t,3.534882437278581,t,675,t,f,46627,0
d,66,5.400119146045106,u,g,cc,t,0.3134481081093293,f,770,f,t,72550,1
a,52,8.800790875614583,y,g,no_cc,v,4.196692461780012,f,330,f,f,132025,0
b,69,6.5087736904719415,y,p,no_cc,v,0.01909961329291554,f,674,t,f,64910,1
a,32,5.329577865513353,u,g,no_cc,v,1.2341193460095112,t,310,f,t,110417,0
a,64,3.243337531153756,u,p,no_cc,t,3.704520280760357,t,601,f,t,78251,0
b,39,3.330019130581979,u,p,no_cc,t,1.581350748646534,f,395,f,t,55422,0
d,31,6.694869551981901,y,p,no_cc,t,0.5094619403300676,f,489,t,t,31984,0
d,43,9.941393612211675,u,p,cc,v,1.8011695940021393,t,752,t,t,109312,0
a,45,6.618391898493786,u,p,cc,v,1.3519664319226277,t,491,t,f,81386,0
a,40,5.577834173700249,y,g,no_cc,t,4.213559510802774,f,785,f,t,103291,1
a,31,7.306505102392461,y,g,cc,t,1.5667395879257158,f,565,f,t,27135,0
b,41,4.652056122837181,y,p,cc,t,3.944662358880036,t,723,t,f,20320,0
d,19,0.6014234260078521,u,g,cc,t,4.459360724053674,f,427,t,f,122958,1
c,62,5.6229681587790985,y,g,cc,t,2.1690870978826475,f,537,f,f,114171,1
c,43,9.576252845053801,y,p,no_cc,v,4.54971571927196,t,654,f,t,41684,0
a,31,1.7530294235765964,u,g,no_cc,v,1.8865902698159642,f,411,f,t,75913,0
a,68,6.900048908206657,y,g,cc,v,4.820392082450541,f,745,f,f,108774,1
c,24,2.0093368865905648,u,p,cc,t,0.44644762262786464,t,642,f,t,41889,0
c,20,5.3582768447308124,u,p,no_cc,t,3.435096332516214,f,444,t,t,115849,1
b,64,0.9667644964671962,u,g,no_cc,t,2.4690702022846436,f,364,f,f,118071,1
b,40,4.503709362581851,u,g,no_cc,v,1.9382440272782353,t,546,t,t,68899,0
c,63,7.561633288952461,u,g,no_cc,t,3.1635593937430047,f,789,f,f,144011,1
b,60,3.4757152423898208,y,p,no_cc,v,3.519285458171656,t,738,f,t,30770,0
a,64,6.64911724487218,y,g,cc,v,0.021816348251545437,t,405,f,t,59321,0
a,62,7.954499607897292,u,p,no_cc,t,0.8347654437359936,t,480,f,f,105962,0
c,35,9.271778194794527,y,g,cc,t,3.5652302531715936,f,483,f,t,129863,0
b,55,2.3464208185545354,u,g,no_cc,t,3.331927067891032,t,525,t,f,61777,0
